M,noise_percent,readout,ridge_solve_seconds,digit_cell_accuracy,coincidence_recall,coincidence_accuracy,coincidence_correlation,feedback_overlap_fraction,feedback_target_probability,feedback_top1_accuracy
10,0.0,regression,0.010172605514526367,1.0,1.0,1.0,1.0,1.0,1.0,1.0
10,0.0,attention,0.010172605514526367,1.0,1.0,1.0,1.0,1.0,1.0,1.0
10,2.0,regression,0.010172605514526367,0.40864197530864194,0.8765432098765432,0.9257407407407406,0.7089223362485513,0.5986666666666667,0.999992857071053,1.0
10,2.0,attention,0.010172605514526367,1.0,1.0,1.0,1.0,1.0,1.0,1.0
10,5.0,regression,0.010172605514526367,0.11111111111111113,0.94320987654321,0.6429320987654321,0.3776056582681404,0.3766666666666667,0.6102084781800639,0.7
10,5.0,attention,0.010172605514526367,1.0,1.0,1.0,1.0,1.0,1.0,1.0
10,10.0,regression,0.010172605514526367,0.12839506172839507,0.9580246913580247,0.4780246913580247,0.2695188983467359,0.3500000000000001,0.33825617967650295,0.3
10,10.0,attention,0.010172605514526367,1.0,1.0,1.0,1.0,1.0,1.0,1.0
10,15.0,regression,0.010172605514526367,0.11111111111111113,1.0,0.35000000000000003,0.19245008972987468,0.3086666666666667,0.1,0.1
10,15.0,attention,0.010172605514526367,1.0,1.0,1.0,1.0,1.0,1.0,1.0
10,20.0,regression,0.010172605514526367,0.11111111111111113,1.0,0.35000000000000003,0.19245008972987465,0.30866666666666676,0.10000000000000002,0.1
10,20.0,attention,0.010172605514526367,1.0,1.0,1.0,1.0,1.0,1.0,1.0
10,30.0,regression,0.010172605514526367,0.11111111111111113,1.0,0.35000000000000003,0.19245008972987465,0.3086666666666667,0.10000000000000002,0.1
10,30.0,attention,0.010172605514526367,1.0,1.0,1.0,1.0,1.0,1.0,1.0
10,50.0,regression,0.010172605514526367,0.11111111111111113,1.0,0.35000000000000003,0.19245008972987465,0.3086666666666667,0.1,0.1
10,50.0,attention,0.010172605514526367,0.11728395061728394,0.16728395061728396,0.8105555555555555,0.045281405801724114,0.20800000000000002,0.016126343092412045,0.0
10,75.0,regression,0.010172605514526367,0.11111111111111113,1.0,0.35000000000000003,0.19245008972987465,0.3086666666666667,0.1,0.1
10,75.0,attention,0.010172605514526367,0.0950617283950617,0.1564814814814815,0.8103395061728396,0.036537485915225994,0.2053333333333333,0.007535469267148652,0.0
10,100.0,regression,0.010172605514526367,0.11111111111111113,1.0,0.35000000000000003,0.19245008972987465,0.30866666666666676,0.10000000000000002,0.1
10,100.0,attention,0.010172605514526367,0.11358024691358024,0.1589506172839506,0.8064814814814815,0.033108830966821774,0.20800000000000002,0.04458766416523176,0.1
20,0.0,regression,0.0022466182708740234,1.0,1.0,1.0,1.0,1.0,1.0,1.0
20,0.0,attention,0.0022466182708740234,1.0,1.0,1.0,1.0,1.0,1.0,1.0
20,2.0,regression,0.0022466182708740234,0.17654320987654323,0.899074074074074,0.9025462962962963,0.6569096677396231,0.5366666666666667,0.9995035639039447,1.0
20,2.0,attention,0.0022466182708740234,1.0,1.0,1.0,1.0,1.0,1.0,1.0
20,5.0,regression,0.0022466182708740234,0.11111111111111113,0.9407407407407407,0.5766975308641976,0.3050095575331623,0.348,0.49055227209006935,0.55
20,5.0,attention,0.0022466182708740234,1.0,1.0,1.0,1.0,1.0,1.0,1.0
20,10.0,regression,0.0022466182708740234,0.11111111111111113,0.9972222222222221,0.3521296296296295,0.19182127084341818,0.3123333333333334,0.04999565017682038,0.05
20,10.0,attention,0.0022466182708740234,1.0,1.0,1.0,1.0,1.0,1.0,1.0
20,15.0,regression,0.0022466182708740234,0.11111111111111113,1.0,0.34999999999999987,0.19245008972987465,0.31300000000000006,0.04999999999999999,0.05
20,15.0,attention,0.0022466182708740234,1.0,1.0,1.0,1.0,1.0,1.0,1.0
20,20.0,regression,0.0022466182708740234,0.11111111111111113,1.0,0.34999999999999987,0.19245008972987468,0.31300000000000006,0.04999999999999999,0.05
20,20.0,attention,0.0022466182708740234,1.0,1.0,1.0,1.0,1.0,1.0,1.0
20,30.0,regression,0.0022466182708740234,0.11111111111111113,1.0,0.34999999999999987,0.19245008972987468,0.31300000000000006,0.049999999999999996,0.05
20,30.0,attention,0.0022466182708740234,1.0,1.0,1.0,1.0,1.0,1.0,1.0
20,50.0,regression,0.0022466182708740234,0.11111111111111113,1.0,0.34999999999999987,0.19245008972987465,0.313,0.04999999999999999,0.05
20,50.0,attention,0.0022466182708740234,0.11975308641975309,0.17299382716049383,0.8073456790123457,0.04556733005623237,0.21566666666666667,0.00816108301513555,0.0
20,75.0,regression,0.0022466182708740234,0.11111111111111113,1.0,0.34999999999999987,0.19245008972987465,0.31300000000000006,0.04999999999999999,0.05
20,75.0,attention,0.0022466182708740234,0.1179012345679012,0.170679012345679,0.802962962962963,0.038654249477937816,0.20400000000000001,0.009440941893148423,0.0
20,100.0,regression,0.0022466182708740234,0.11111111111111113,1.0,0.34999999999999987,0.19245008972987468,0.313,0.049999999999999996,0.05
20,100.0,attention,0.0022466182708740234,0.10802469135802469,0.19151234567901232,0.789567901234568,0.03972678319290378,0.219,0.019601402346043094,0.05
50,0.0,regression,0.02834630012512207,1.0,1.0,1.0,1.0,1.0,1.0,1.0
50,0.0,attention,0.02834630012512207,1.0,1.0,1.0,1.0,1.0,1.0,1.0
50,2.0,regression,0.02834630012512207,0.13481481481481464,0.851666666666667,0.8251728395061729,0.5104231306629063,0.4458666666666668,0.8891464865439959,0.92
50,2.0,attention,0.02834630012512207,1.0,1.0,1.0,1.0,1.0,1.0,1.0
50,5.0,regression,0.02834630012512207,0.11111111111111102,0.9480246913580251,0.44745679012345696,0.22344424407690874,0.32520000000000004,0.14226431195122927,0.2
50,5.0,attention,0.02834630012512207,1.0,1.0,1.0,1.0,1.0,1.0,1.0
50,10.0,regression,0.02834630012512207,0.11111111111111102,1.0,0.3499999999999999,0.1924500897298747,0.3147999999999999,0.020000000000000007,0.02
50,10.0,attention,0.02834630012512207,1.0,1.0,1.0,1.0,1.0,1.0,1.0
50,15.0,regression,0.02834630012512207,0.11111111111111102,1.0,0.3499999999999999,0.1924500897298747,0.3148,0.02,0.02
50,15.0,attention,0.02834630012512207,1.0,1.0,1.0,1.0,1.0,1.0,1.0
50,20.0,regression,0.02834630012512207,0.11111111111111102,1.0,0.3499999999999999,0.1924500897298747,0.3147999999999999,0.02,0.02
50,20.0,attention,0.02834630012512207,1.0,1.0,1.0,1.0,1.0,1.0,1.0
50,30.0,regression,0.02834630012512207,0.11111111111111102,1.0,0.3499999999999999,0.1924500897298747,0.31479999999999997,0.020000000000000004,0.02
50,30.0,attention,0.02834630012512207,1.0,1.0,1.0,1.0,1.0,1.0,1.0
50,50.0,regression,0.02834630012512207,0.11111111111111102,1.0,0.3499999999999999,0.1924500897298747,0.3147999999999999,0.020000000000000004,0.02
50,50.0,attention,0.02834630012512207,0.09901234567901238,0.21660493827160482,0.7864567901234567,0.05417590156990993,0.2277333333333334,0.01277485354505062,0.0
50,75.0,regression,0.02834630012512207,0.11111111111111102,1.0,0.3499999999999999,0.19245008972987473,0.3147999999999999,0.020000000000000004,0.02
50,75.0,attention,0.02834630012512207,0.10864197530864195,0.21728395061728395,0.7792530864197531,0.04705023106623627,0.21973333333333328,0.008697313026126828,0.0
50,100.0,regression,0.02834630012512207,0.11111111111111102,1.0,0.3499999999999999,0.1924500897298747,0.31479999999999997,0.020000000000000004,0.02
50,100.0,attention,0.02834630012512207,0.1155555555555555,0.24388888888888882,0.763,0.04859824164290211,0.2102666666666667,0.010077942542409584,0.02
100,0.0,regression,0.019009828567504883,1.0,1.0,1.0,1.0,1.0,1.0,1.0
100,0.0,attention,0.019009828567504883,1.0,1.0,1.0,1.0,1.0,1.0,1.0
100,2.0,regression,0.019009828567504883,0.13938271604938252,0.7748148148148144,0.8222716049382719,0.45756656215011576,0.4043333333333333,0.8400912143625606,0.9
100,2.0,attention,0.019009828567504883,1.0,1.0,1.0,1.0,1.0,1.0,1.0
100,5.0,regression,0.019009828567504883,0.11111111111111088,0.9529938271604937,0.4218703703703708,0.20934342373249556,0.3155999999999998,0.07610438393091826,0.11
100,5.0,attention,0.019009828567504883,1.0,1.0,1.0,1.0,1.0,1.0,1.0
100,10.0,regression,0.019009828567504883,0.11111111111111088,1.0,0.35000000000000064,0.19245008972987449,0.31213333333333326,0.009999999999999998,0.01
100,10.0,attention,0.019009828567504883,1.0,1.0,1.0,1.0,1.0,1.0,1.0
100,15.0,regression,0.019009828567504883,0.11111111111111088,1.0,0.35000000000000064,0.19245008972987446,0.31213333333333326,0.01,0.01
100,15.0,attention,0.019009828567504883,1.0,1.0,1.0,1.0,1.0,1.0,1.0
100,20.0,regression,0.019009828567504883,0.11111111111111088,1.0,0.35000000000000064,0.19245008972987449,0.31213333333333326,0.01,0.01
100,20.0,attention,0.019009828567504883,1.0,1.0,1.0,1.0,1.0,1.0,1.0
100,30.0,regression,0.019009828567504883,0.11111111111111088,1.0,0.35000000000000064,0.19245008972987446,0.3121333333333334,0.010000000000000004,0.01
100,30.0,attention,0.019009828567504883,1.0,1.0,1.0,1.0,1.0,1.0,1.0
100,50.0,regression,0.019009828567504883,0.11111111111111088,1.0,0.35000000000000064,0.19245008972987446,0.31213333333333326,0.01,0.01
100,50.0,attention,0.019009828567504883,0.10962962962962956,0.2485493827160494,0.7646666666666665,0.05417457051185921,0.2236,0.004651814129702443,0.01
100,75.0,regression,0.019009828567504883,0.11111111111111088,1.0,0.35000000000000064,0.19245008972987449,0.31213333333333326,0.010000000000000007,0.01
100,75.0,attention,0.019009828567504883,0.10740740740740744,0.24046296296296304,0.7664938271604939,0.050229755731450255,0.2194666666666667,0.004557659921047158,0.0
100,100.0,regression,0.019009828567504883,0.11111111111111088,1.0,0.35000000000000064,0.19245008972987446,0.31213333333333326,0.010000000000000004,0.01
100,100.0,attention,0.019009828567504883,0.10901234567901237,0.2908024691358024,0.7357376543209877,0.05444903380844961,0.22279999999999991,0.004116426566410327,0.0
200,0.0,regression,0.03819990158081055,1.0,1.0,1.0,1.0,1.0,1.0,1.0
200,0.0,attention,0.03819990158081055,1.0,1.0,1.0,1.0,1.0,1.0,1.0
200,2.0,regression,0.03819990158081055,0.12617283950617264,0.6847222222222221,0.793367283950617,0.3615348232471353,0.36339999999999995,0.5964812221402509,0.74
200,2.0,attention,0.03819990158081055,1.0,1.0,1.0,1.0,1.0,1.0,1.0
200,5.0,regression,0.03819990158081055,0.11111111111111088,0.9544444444444443,0.396882716049383,0.1941198750893386,0.3144666666666666,0.017061154904573946,0.02
200,5.0,attention,0.03819990158081055,1.0,1.0,1.0,1.0,1.0,1.0,1.0
200,10.0,regression,0.03819990158081055,0.11111111111111088,1.0,0.35000000000000064,0.19245008972987446,0.3145333333333332,0.004382259124465265,0.0
200,10.0,attention,0.03819990158081055,1.0,1.0,1.0,1.0,1.0,1.0,1.0
200,15.0,regression,0.03819990158081055,0.11111111111111088,1.0,0.35000000000000064,0.19245008972987446,0.3205333333333333,0.004903411298560224,0.0
200,15.0,attention,0.03819990158081055,1.0,1.0,1.0,1.0,1.0,1.0,1.0
200,20.0,regression,0.03819990158081055,0.11111111111111088,1.0,0.35000000000000064,0.19245008972987446,0.3158666666666666,0.006179029666435488,0.01
200,20.0,attention,0.03819990158081055,1.0,1.0,1.0,1.0,1.0,1.0,1.0
200,30.0,regression,0.03819990158081055,0.11111111111111088,1.0,0.35000000000000064,0.19245008972987449,0.31826666666666664,0.0044711144388216925,0.0
200,30.0,attention,0.03819990158081055,1.0,1.0,1.0,1.0,1.0,1.0,1.0
200,50.0,regression,0.03819990158081055,0.11111111111111088,1.0,0.35000000000000064,0.19245008972987446,0.3189333333333333,0.005595309097803652,0.0
200,50.0,attention,0.03819990158081055,0.11283950617283954,0.27848765432098765,0.7510771604938271,0.060808065210796666,0.2315333333333333,0.0022855409783027183,0.0
200,75.0,regression,0.03819990158081055,0.11111111111111088,1.0,0.35000000000000064,0.19245008972987443,0.3203999999999999,0.004335861703562935,0.0
200,75.0,attention,0.03819990158081055,0.10950617283950617,0.285679012345679,0.7416234567901236,0.05683945855521494,0.2341333333333333,0.0034685984694113026,0.0
200,100.0,regression,0.03819990158081055,0.11111111111111088,1.0,0.35000000000000064,0.19245008972987449,0.31426666666666664,0.004066487369202693,0.01
200,100.0,attention,0.03819990158081055,0.11197530864197532,0.3720061728395062,0.6977006172839505,0.070846844429981,0.23479999999999993,0.004328206048101175,0.01
300,0.0,regression,0.018693923950195312,1.0,1.0,1.0,1.0,1.0,1.0,1.0
300,0.0,attention,0.018693923950195312,1.0,1.0,1.0,1.0,1.0,1.0,1.0
300,2.0,regression,0.018693923950195312,0.12827160493827142,0.6517592592592593,0.7645308641975306,0.3085189688030029,0.3415333333333333,0.4314115307794028,0.57
300,2.0,attention,0.018693923950195312,1.0,1.0,1.0,1.0,1.0,1.0,1.0
300,5.0,regression,0.018693923950195312,0.11111111111111088,0.9645370370370369,0.3787037037037042,0.187396092607371,0.3148666666666665,0.0022435863655715428,0.0
300,5.0,attention,0.018693923950195312,1.0,1.0,1.0,1.0,1.0,1.0,1.0
300,10.0,regression,0.018693923950195312,0.11111111111111088,1.0,0.35000000000000064,0.19245008972987446,0.31266666666666654,0.0014754010160478448,0.0
300,10.0,attention,0.018693923950195312,1.0,1.0,1.0,1.0,1.0,1.0,1.0
300,15.0,regression,0.018693923950195312,0.11111111111111088,1.0,0.35000000000000064,0.19245008972987449,0.3201333333333332,0.004484030999670437,0.0
300,15.0,attention,0.018693923950195312,1.0,1.0,1.0,1.0,1.0,1.0,1.0
300,20.0,regression,0.018693923950195312,0.11111111111111088,1.0,0.35000000000000064,0.19245008972987443,0.31819999999999987,0.0029273118040193872,0.0
300,20.0,attention,0.018693923950195312,1.0,1.0,1.0,1.0,1.0,1.0,1.0
300,30.0,regression,0.018693923950195312,0.11111111111111088,1.0,0.35000000000000064,0.19245008972987446,0.31620000000000004,0.0019569353834022955,0.0
300,30.0,attention,0.018693923950195312,1.0,1.0,1.0,1.0,1.0,1.0,1.0
300,50.0,regression,0.018693923950195312,0.11111111111111088,1.0,0.35000000000000064,0.19245008972987446,0.3208666666666665,0.004051853776920166,0.0
300,50.0,attention,0.018693923950195312,0.11086419753086417,0.29802469135802484,0.7367469135802467,0.05998678525657753,0.24359999999999998,0.0024056003105624784,0.0
300,75.0,regression,0.018693923950195312,0.11111111111111088,1.0,0.35000000000000064,0.19245008972987446,0.31279999999999986,0.003032623651607264,0.0
300,75.0,attention,0.018693923950195312,0.10469135802469137,0.3125617283950617,0.7261604938271603,0.05969335342265883,0.23393333333333322,0.0008883230839800663,0.0
300,100.0,regression,0.018693923950195312,0.11111111111111088,1.0,0.35000000000000064,0.19245008972987446,0.3153999999999999,0.003908538533196223,0.0
300,100.0,attention,0.018693923950195312,0.1133333333333333,0.38783950617283947,0.6882746913580248,0.07283613089811784,0.2400666666666666,0.0009635804455652188,0.0
500,0.0,regression,0.33780956268310547,1.0,1.0,1.0,1.0,1.0,1.0,1.0
500,0.0,attention,0.33780956268310547,1.0,1.0,1.0,1.0,1.0,1.0,1.0
500,2.0,regression,0.33780956268310547,0.12185185185185166,0.621604938271605,0.7159104938271603,0.23736095548482464,0.31146666666666667,0.12066368115207697,0.22
500,2.0,attention,0.33780956268310547,1.0,1.0,1.0,1.0,1.0,1.0,1.0
500,5.0,regression,0.33780956268310547,0.11123456790123433,0.959382716049383,0.3776820987654325,0.18322887694762968,0.3202,0.002728118931114381,0.0
500,5.0,attention,0.33780956268310547,1.0,1.0,1.0,1.0,1.0,1.0,1.0
500,10.0,regression,0.33780956268310547,0.11111111111111088,1.0,0.35000000000000064,0.19245008972987446,0.3194,0.0020733615784527064,0.0
500,10.0,attention,0.33780956268310547,1.0,1.0,1.0,1.0,1.0,1.0,1.0
500,15.0,regression,0.33780956268310547,0.11111111111111088,1.0,0.35000000000000064,0.19245008972987446,0.32166666666666643,0.002372205143870092,0.0
500,15.0,attention,0.33780956268310547,1.0,1.0,1.0,1.0,1.0,1.0,1.0
500,20.0,regression,0.33780956268310547,0.11111111111111088,1.0,0.35000000000000064,0.19245008972987443,0.31519999999999987,0.001042924966516248,0.0
500,20.0,attention,0.33780956268310547,1.0,1.0,1.0,1.0,1.0,1.0,1.0
500,30.0,regression,0.33780956268310547,0.11111111111111088,1.0,0.35000000000000064,0.19245008972987449,0.3195333333333333,0.0015118847405606833,0.0
500,30.0,attention,0.33780956268310547,1.0,1.0,1.0,1.0,1.0,1.0,1.0
500,50.0,regression,0.33780956268310547,0.11111111111111088,1.0,0.35000000000000064,0.19245008972987446,0.31739999999999996,0.002026588488959659,0.0
500,50.0,attention,0.33780956268310547,0.11172839506172844,0.3451543209876544,0.711246913580247,0.06656721150950637,0.24499999999999988,0.0009588619886212936,0.0
500,75.0,regression,0.33780956268310547,0.11111111111111088,1.0,0.35000000000000064,0.19245008972987446,0.31446666666666656,0.0015144468988249609,0.01
500,75.0,attention,0.33780956268310547,0.11185185185185187,0.36753086419753084,0.6925462962962962,0.06429554471507833,0.23973333333333333,0.002101041468118464,0.01
500,100.0,regression,0.33780956268310547,0.11111111111111088,1.0,0.35000000000000064,0.19245008972987449,0.3231999999999999,0.003062172293857603,0.0
500,100.0,attention,0.33780956268310547,0.11370370370370372,0.4901234567901237,0.6286635802469135,0.08416955384707572,0.25806666666666667,0.0009404863376405402,0.0
700,0.0,regression,0.028467655181884766,1.0,1.0,1.0,1.0,1.0,1.0,1.0
700,0.0,attention,0.028467655181884766,1.0,1.0,1.0,1.0,1.0,1.0,1.0
700,2.0,regression,0.028467655181884766,0.13308641975308633,0.5492283950617283,0.6835802469135804,0.16516496573787215,0.28600000000000003,0.009102210514565341,0.02
700,2.0,attention,0.028467655181884766,1.0,1.0,1.0,1.0,1.0,1.0,1.0
700,5.0,regression,0.028467655181884766,0.11185185185185162,0.9589814814814812,0.3745308641975315,0.1810957908838609,0.3165333333333334,0.0011044270044531896,0.0
700,5.0,attention,0.028467655181884766,1.0,1.0,1.0,1.0,1.0,1.0,1.0
700,10.0,regression,0.028467655181884766,0.11111111111111088,0.999753086419753,0.3501358024691365,0.19235947357491662,0.3180666666666667,0.0011854116890734666,0.0
700,10.0,attention,0.028467655181884766,1.0,1.0,1.0,1.0,1.0,1.0,1.0
700,15.0,regression,0.028467655181884766,0.11111111111111088,1.0,0.35000000000000064,0.19245008972987446,0.3212666666666667,0.0013592773968231758,0.0
700,15.0,attention,0.028467655181884766,1.0,1.0,1.0,1.0,1.0,1.0,1.0
700,20.0,regression,0.028467655181884766,0.11111111111111088,1.0,0.35000000000000064,0.19245008972987446,0.31893333333333324,0.001491349680478618,0.0
700,20.0,attention,0.028467655181884766,1.0,1.0,1.0,1.0,1.0,1.0,1.0
700,30.0,regression,0.028467655181884766,0.11111111111111088,1.0,0.35000000000000064,0.19245008972987446,0.3181333333333334,0.0026815870862961504,0.01
700,30.0,attention,0.028467655181884766,1.0,1.0,1.0,1.0,1.0,1.0,1.0
700,50.0,regression,0.028467655181884766,0.11111111111111088,1.0,0.35000000000000064,0.19245008972987443,0.31566666666666665,0.0007020202712672236,0.0
700,50.0,attention,0.028467655181884766,0.11012345679012342,0.34839506172839513,0.7101481481481483,0.06801056091038493,0.2432666666666668,0.0005235965934431724,0.0
700,75.0,regression,0.028467655181884766,0.11111111111111088,1.0,0.35000000000000064,0.19245008972987446,0.3232,0.0014036240453489282,0.0
700,75.0,attention,0.028467655181884766,0.11111111111111112,0.3680246913580246,0.6967253086419753,0.0676719408074562,0.23659999999999998,0.00037866898151950725,0.0
700,100.0,regression,0.028467655181884766,0.11111111111111088,1.0,0.35000000000000064,0.19245008972987446,0.31660000000000005,0.0011053037758158753,0.0
700,100.0,attention,0.028467655181884766,0.1096296296296296,0.5289197530864199,0.603432098765432,0.08725001911508143,0.26133333333333336,0.000648501395880845,0.0
1000,0.0,regression,0.08530783653259277,0.999753086419753,0.9995061728395062,0.9999104938271606,0.9995018018517178,0.9983333333333334,1.0,1.0
1000,0.0,attention,0.08530783653259277,1.0,1.0,1.0,1.0,1.0,1.0,1.0
1000,2.0,regression,0.08530783653259277,0.12481481481481482,0.4346913580246914,0.6643179012345678,0.07996211196995301,0.2575333333333332,0.001058855257007265,0.0
1000,2.0,attention,0.08530783653259277,1.0,1.0,1.0,1.0,1.0,1.0,1.0
1000,5.0,regression,0.08530783653259277,0.12172839506172833,0.48632716049382724,0.634327160493827,0.08559515933540034,0.2625333333333334,0.000886315991608327,0.0
1000,5.0,attention,0.08530783653259277,1.0,1.0,1.0,1.0,1.0,1.0,1.0
1000,10.0,regression,0.08530783653259277,0.11148148148148142,0.5241975308641973,0.6104567901234571,0.08873241983656178,0.26339999999999997,0.0006071347270974724,0.0
1000,10.0,attention,0.08530783653259277,1.0,1.0,1.0,1.0,1.0,1.0,1.0
1000,15.0,regression,0.08530783653259277,0.10950617283950616,0.566543209876543,0.5887808641975306,0.0960114793969629,0.26973333333333316,0.0004789697100343503,0.0
1000,15.0,attention,0.08530783653259277,1.0,1.0,1.0,1.0,1.0,1.0,1.0
1000,20.0,regression,0.08530783653259277,0.11703703703703704,0.6091666666666665,0.5652253086419754,0.1026372537354027,0.27140000000000003,0.0006379406381192846,0.0
1000,20.0,attention,0.08530783653259277,1.0,1.0,1.0,1.0,1.0,1.0,1.0
1000,30.0,regression,0.08530783653259277,0.11271604938271604,0.6567592592592593,0.5407438271604937,0.11201538332033309,0.2895333333333333,0.0011284849095702498,0.0
1000,30.0,attention,0.08530783653259277,1.0,1.0,1.0,1.0,1.0,1.0,1.0
1000,50.0,regression,0.08530783653259277,0.11185185185185176,0.7791358024691358,0.46922222222222215,0.13293044548882865,0.2950000000000001,0.0004399309410044451,0.0
1000,50.0,attention,0.08530783653259277,0.11703703703703708,0.4028395061728395,0.6792067901234566,0.0745652287277822,0.2480000000000001,0.0011995534579698306,0.0
1000,75.0,regression,0.08530783653259277,0.11086419753086404,0.9013580246913584,0.4039969135802472,0.1628434400837494,0.3118,0.0009916201902805029,0.0
1000,75.0,attention,0.08530783653259277,0.10765432098765436,0.41944444444444434,0.6701111111111112,0.07677038372805263,0.2501999999999999,0.00029302975408648395,0.0
1000,100.0,regression,0.08530783653259277,0.11111111111111088,1.0,0.35000000000000064,0.19245008972987446,0.31873333333333337,0.0007325238049737209,0.0
1000,100.0,attention,0.08530783653259277,0.11037037037037037,0.5625617283950618,0.5875987654320988,0.09440162111022252,0.2668000000000001,0.00043012412231871797,0.0
1300,0.0,regression,0.08759689331054688,0.3420987654320989,0.27669753086419757,0.8620092592592598,0.21016821820265516,0.2723333333333334,0.07034948495852893,0.15
1300,0.0,attention,0.08759689331054688,1.0,1.0,1.0,1.0,1.0,1.0,1.0
1300,2.0,regression,0.08759689331054688,0.1280246913580246,0.5840123456790121,0.6130987654320988,0.12607370456370767,0.27780000000000005,0.005249185832081898,0.01
1300,2.0,attention,0.08759689331054688,1.0,1.0,1.0,1.0,1.0,1.0,1.0
1300,5.0,regression,0.08759689331054688,0.11148148148148124,0.9613888888888888,0.37175000000000047,0.1802502246574424,0.3164666666666667,0.0010992679835095558,0.0
1300,5.0,attention,0.08759689331054688,1.0,1.0,1.0,1.0,1.0,1.0,1.0
1300,10.0,regression,0.08759689331054688,0.11111111111111088,1.0,0.35000000000000064,0.19245008972987446,0.31666666666666676,0.0005112498897944916,0.0
1300,10.0,attention,0.08759689331054688,1.0,1.0,1.0,1.0,1.0,1.0,1.0
1300,15.0,regression,0.08759689331054688,0.11111111111111088,1.0,0.35000000000000064,0.19245008972987443,0.3200666666666667,0.0002936734512895169,0.0
1300,15.0,attention,0.08759689331054688,1.0,1.0,1.0,1.0,1.0,1.0,1.0
1300,20.0,regression,0.08759689331054688,0.11111111111111088,1.0,0.35000000000000064,0.19245008972987446,0.3204000000000001,0.0019378250074562381,0.01
1300,20.0,attention,0.08759689331054688,1.0,1.0,1.0,1.0,1.0,1.0,1.0
1300,30.0,regression,0.08759689331054688,0.11111111111111088,1.0,0.35000000000000064,0.19245008972987446,0.3212,0.0007846165130354745,0.0
1300,30.0,attention,0.08759689331054688,1.0,1.0,1.0,1.0,1.0,1.0,1.0
1300,50.0,regression,0.08759689331054688,0.11111111111111088,1.0,0.35000000000000064,0.19245008972987446,0.32226666666666665,0.0007930847933132067,0.0
1300,50.0,attention,0.08759689331054688,0.10876543209876545,0.3915123456790124,0.6846141975308642,0.07217628819665473,0.25193333333333323,0.0003253042083477803,0.0
1300,75.0,regression,0.08759689331054688,0.11111111111111088,1.0,0.35000000000000064,0.19245008972987443,0.31939999999999996,0.0005412845122331301,0.0
1300,75.0,attention,0.08759689331054688,0.111358024691358,0.47774691358024673,0.6360154320987654,0.08324976457013046,0.2554,0.0011318666430372376,0.0
1300,100.0,regression,0.08759689331054688,0.11111111111111088,1.0,0.35000000000000064,0.19245008972987446,0.32539999999999997,0.001218989112234532,0.0
1300,100.0,attention,0.08759689331054688,0.10876543209876541,0.6061419753086421,0.5654753086419754,0.1032054572311241,0.2739333333333333,0.0005925730593024986,0.0
1600,0.0,regression,0.3914468288421631,0.248641975308642,0.22398148148148148,0.8445771604938273,0.13772553985192565,0.24653333333333333,0.01337359088293091,0.03
1600,0.0,attention,0.3914468288421631,1.0,1.0,1.0,1.0,1.0,1.0,1.0
1600,2.0,regression,0.3914468288421631,0.12185185185185173,0.6153086419753089,0.5976944444444444,0.13267721625536524,0.2812,0.0012776813201505416,0.0
1600,2.0,attention,0.3914468288421631,1.0,1.0,1.0,1.0,1.0,1.0,1.0
1600,5.0,regression,0.3914468288421631,0.1113580246913578,0.9836419753086421,0.359515432098766,0.18766000445220993,0.3195333333333333,0.0006571286938208761,0.0
1600,5.0,attention,0.3914468288421631,1.0,1.0,1.0,1.0,1.0,1.0,1.0
1600,10.0,regression,0.3914468288421631,0.11111111111111088,1.0,0.35000000000000064,0.19245008972987449,0.32106666666666667,0.0014132620830371243,0.01
1600,10.0,attention,0.3914468288421631,1.0,1.0,1.0,1.0,1.0,1.0,1.0
1600,15.0,regression,0.3914468288421631,0.11111111111111088,1.0,0.35000000000000064,0.19245008972987446,0.32199999999999995,0.0007053094716762225,0.0
1600,15.0,attention,0.3914468288421631,1.0,1.0,1.0,1.0,1.0,1.0,1.0
1600,20.0,regression,0.3914468288421631,0.11111111111111088,1.0,0.35000000000000064,0.19245008972987446,0.31973333333333337,0.000801934022918349,0.0
1600,20.0,attention,0.3914468288421631,1.0,1.0,1.0,1.0,1.0,1.0,1.0
1600,30.0,regression,0.3914468288421631,0.11111111111111088,1.0,0.35000000000000064,0.19245008972987446,0.3221333333333333,0.0005444750114489477,0.0
1600,30.0,attention,0.3914468288421631,1.0,1.0,1.0,1.0,1.0,1.0,1.0
1600,50.0,regression,0.3914468288421631,0.11111111111111088,1.0,0.35000000000000064,0.19245008972987446,0.3169333333333333,0.0016593057476704063,0.01
1600,50.0,attention,0.3914468288421631,0.11333333333333334,0.455185185185185,0.6505895061728393,0.08161070240701235,0.2626,0.0011276967590079605,0.0
1600,75.0,regression,0.3914468288421631,0.11111111111111088,1.0,0.35000000000000064,0.19245008972987446,0.31746666666666656,0.00043493283033922166,0.0
1600,75.0,attention,0.3914468288421631,0.11666666666666665,0.4715432098765431,0.6374197530864197,0.08039482986718774,0.25393333333333334,0.00029040472507888476,0.0
1600,100.0,regression,0.3914468288421631,0.11111111111111088,1.0,0.35000000000000064,0.19245008972987449,0.3183333333333334,0.0007070911524122439,0.0
1600,100.0,attention,0.3914468288421631,0.11851851851851855,0.653641975308642,0.5408240740740742,0.11178786987214646,0.2808,0.00020464043900236145,0.0
2000,0.0,regression,0.34386420249938965,0.21839506172839512,0.20620370370370378,0.8317438271604941,0.1036750788685835,0.2334,0.004621045017028254,0.02
2000,0.0,attention,0.34386420249938965,1.0,1.0,1.0,1.0,1.0,1.0,1.0
2000,2.0,regression,0.34386420249938965,0.1190123456790122,0.6979320987654323,0.5408611111111111,0.13737953902506628,0.29500000000000004,0.0010970234727084782,0.0
2000,2.0,attention,0.34386420249938965,1.0,1.0,1.0,1.0,1.0,1.0,1.0
2000,5.0,regression,0.34386420249938965,0.11111111111111088,0.9992592592592593,0.3504074074074081,0.19217824126500088,0.3152666666666666,0.0003487313362130006,0.0
2000,5.0,attention,0.34386420249938965,1.0,1.0,1.0,1.0,1.0,1.0,1.0
2000,10.0,regression,0.34386420249938965,0.11111111111111088,1.0,0.35000000000000064,0.19245008972987449,0.32633333333333325,0.0006018131891903127,0.0
2000,10.0,attention,0.34386420249938965,1.0,1.0,1.0,1.0,1.0,1.0,1.0
2000,15.0,regression,0.34386420249938965,0.11111111111111088,1.0,0.35000000000000064,0.19245008972987443,0.3166666666666666,0.00019561145273408587,0.0
2000,15.0,attention,0.34386420249938965,1.0,1.0,1.0,1.0,1.0,1.0,1.0
2000,20.0,regression,0.34386420249938965,0.11111111111111088,1.0,0.35000000000000064,0.19245008972987446,0.31926666666666664,0.00044326044852643687,0.0
2000,20.0,attention,0.34386420249938965,1.0,1.0,1.0,1.0,1.0,1.0,1.0
2000,30.0,regression,0.34386420249938965,0.11111111111111088,1.0,0.35000000000000064,0.19245008972987443,0.3202,0.00039386580099752197,0.0
2000,30.0,attention,0.34386420249938965,1.0,1.0,1.0,1.0,1.0,1.0,1.0
2000,50.0,regression,0.34386420249938965,0.11111111111111088,1.0,0.35000000000000064,0.19245008972987449,0.3195333333333333,0.00042365493813491283,0.0
2000,50.0,attention,0.34386420249938965,0.10740740740740738,0.4514197530864197,0.6545185185185186,0.0821943294601705,0.26126666666666676,0.0003861586348476479,0.0
2000,75.0,regression,0.34386420249938965,0.11111111111111088,1.0,0.35000000000000064,0.19245008972987446,0.32539999999999986,0.00036680347226416583,0.0
2000,75.0,attention,0.34386420249938965,0.11271604938271602,0.49521604938271596,0.6238796296296296,0.08361643826627946,0.2642000000000001,0.000270155703825358,0.0
2000,100.0,regression,0.34386420249938965,0.11111111111111088,1.0,0.35000000000000064,0.19245008972987449,0.32219999999999993,0.0013577003525760266,0.01
2000,100.0,attention,0.34386420249938965,0.11271604938271597,0.682283950617284,0.5222623456790124,0.11557218048975793,0.28473333333333334,0.0004194658390267961,0.0
