clue_fraction,target,iterations,converged,exact_acc
0.05,126,121,True,0
0.05,416,121,True,0
0.05,392,37,True,0
0.05,275,121,True,0
0.05,256,121,True,0
0.05,348,121,True,0
0.05,89,121,True,0
0.05,377,121,True,0
0.05,182,121,True,0
0.05,80,121,True,0
0.05,219,121,True,0
0.05,468,121,True,0
0.05,222,121,True,0
0.05,426,121,True,0
0.05,418,121,True,0
0.05,241,27,True,0
0.05,397,121,True,0
0.05,159,121,True,0
0.05,399,25,True,0
0.05,249,143,True,0
0.05,140,28,True,0
0.05,445,121,True,0
0.05,174,122,True,0
0.05,57,117,True,0
0.05,293,121,True,0
0.05,179,121,True,0
0.05,227,16,True,0
0.05,323,55,True,0
0.05,487,28,True,0
0.05,297,119,True,0
0.05,316,55,True,0
0.05,21,11,True,0
0.05,125,121,True,0
0.05,74,121,True,0
0.05,28,20,True,0
0.05,225,121,True,0
0.05,66,121,True,0
0.05,333,121,True,0
0.05,480,16,True,0
0.05,58,124,True,0
0.05,167,64,True,0
0.05,100,121,True,0
0.05,450,135,True,0
0.05,42,119,True,0
0.05,133,121,True,0
0.05,127,121,True,0
0.05,499,119,True,0
0.05,313,121,True,0
0.05,357,121,True,0
0.05,68,56,True,0
0.05,244,37,True,0
0.05,105,19,True,0
0.05,67,129,True,0
0.05,346,121,True,0
0.05,204,127,True,0
0.05,300,119,True,0
0.05,11,121,True,0
0.05,325,121,True,0
0.05,351,121,True,0
0.05,317,65,True,0
0.05,129,121,True,0
0.05,168,126,True,0
0.05,71,121,True,0
0.05,477,121,True,0
0.05,169,121,True,0
0.05,429,52,True,0
0.05,233,121,True,0
0.05,498,34,True,0
0.05,263,121,True,0
0.05,84,50,True,0
0.05,497,121,True,0
0.05,93,121,True,0
0.05,282,121,True,0
0.05,347,121,True,0
0.05,202,121,True,0
0.05,440,121,True,0
0.05,452,127,True,0
0.05,62,61,True,0
0.05,414,121,True,0
0.05,134,121,True,0
0.05,120,125,True,0
0.05,178,128,True,0
0.05,193,128,True,0
0.05,114,72,True,0
0.05,248,121,True,0
0.05,442,121,True,0
0.05,435,121,True,0
0.05,149,33,True,0
0.05,72,121,True,0
0.05,310,127,True,0
0.05,322,123,True,0
0.05,155,121,True,0
0.05,463,121,True,0
0.05,343,121,True,0
0.05,24,153,True,0
0.05,160,120,True,0
0.05,359,121,True,0
0.05,352,121,True,0
0.05,434,131,True,0
0.05,10,56,True,0
0.05,53,116,True,0
0.05,55,150,True,0
0.05,132,121,True,0
0.05,200,121,True,0
0.05,220,121,True,0
0.05,266,121,True,0
0.05,238,121,True,0
0.05,453,121,True,0
0.05,151,125,True,0
0.05,456,144,True,0
0.05,394,152,True,0
0.05,197,28,True,0
0.05,135,121,True,0
0.05,234,121,True,0
0.05,254,121,True,0
0.05,15,144,True,0
0.05,150,121,True,0
0.05,493,38,True,0
0.05,123,121,True,0
0.05,307,65,True,0
0.05,272,119,True,0
0.05,161,121,True,0
0.05,147,33,True,0
0.05,181,136,True,0
0.05,444,121,True,0
0.05,411,140,True,0
0.05,195,147,True,0
0.05,228,58,True,0
0.05,390,121,True,0
0.05,409,132,True,0
0.05,292,121,True,0
0.05,281,8,True,0
0.05,481,145,True,0
0.05,65,70,True,0
0.05,243,39,True,0
0.05,328,121,True,0
0.05,121,121,True,0
0.05,130,121,True,0
0.05,361,45,True,0
0.05,373,141,True,0
0.05,7,121,True,0
0.05,422,121,True,0
0.05,113,121,True,0
0.05,288,132,True,0
0.05,479,120,True,0
0.05,391,35,True,0
0.05,280,112,True,0
0.05,23,121,True,0
0.05,50,121,True,0
0.05,86,121,True,0
0.05,365,121,True,0
0.05,131,19,True,0
0.05,315,121,True,0
0.05,143,118,True,0
0.05,190,121,True,0
0.05,209,65,True,0
0.05,464,123,True,0
0.05,337,121,True,0
0.05,410,130,True,0
0.05,369,121,True,0
0.05,384,116,True,0
0.05,46,124,True,0
0.05,289,121,True,0
0.05,235,121,True,0
0.05,398,121,True,0
0.05,218,134,True,0
0.05,128,120,True,0
0.05,63,67,True,0
0.05,5,121,True,0
0.05,362,123,True,0
0.05,111,121,True,0
0.05,383,121,True,0
0.05,252,121,True,0
0.05,491,121,True,0
0.05,259,121,True,0
0.05,451,45,True,0
0.05,363,121,True,0
0.05,417,69,True,0
0.05,12,121,True,0
0.05,495,121,True,0
0.05,47,9,True,0
0.05,408,121,True,0
0.05,386,121,True,0
0.05,488,121,True,0
0.05,39,130,True,0
0.05,124,9,True,0
0.05,372,121,True,0
0.05,308,121,True,0
0.05,201,25,True,0
0.05,112,121,True,0
0.05,34,49,True,0
0.05,277,125,True,0
0.05,184,149,True,0
0.05,353,121,True,0
0.05,465,173,True,0
0.05,217,134,True,0
0.05,355,91,True,0
0.05,8,121,True,0
0.05,320,121,True,0
0.05,118,120,True,0
0.07,130,65,True,0
0.07,428,121,True,0
0.07,77,37,True,0
0.07,216,120,True,0
0.07,25,171,True,0
0.07,237,38,True,0
0.07,389,49,True,0
0.07,443,146,True,0
0.07,200,126,True,0
0.07,119,128,True,0
0.07,135,74,True,0
0.07,164,119,True,0
0.07,478,37,True,0
0.07,497,89,True,0
0.07,395,121,True,0
0.07,372,41,True,0
0.07,5,124,True,0
0.07,458,150,True,0
0.07,173,48,True,0
0.07,41,54,True,0
0.07,32,90,True,0
0.07,243,28,True,0
0.07,89,50,True,0
0.07,388,121,True,0
0.07,342,121,True,0
0.07,496,120,True,0
0.07,102,120,True,0
0.07,407,121,True,0
0.07,65,156,True,0
0.07,73,68,True,0
0.07,429,121,True,0
0.07,70,45,True,0
0.07,404,119,True,0
0.07,327,183,True,0
0.07,281,28,True,0
0.07,261,150,True,0
0.07,363,49,True,0
0.07,198,18,True,0
0.07,42,56,True,0
0.07,236,130,True,0
0.07,422,121,True,0
0.07,335,146,True,0
0.07,282,50,True,0
0.07,426,65,True,0
0.07,337,24,True,0
0.07,111,27,True,0
0.07,147,121,True,0
0.07,191,117,True,0
0.07,270,7,True,0
0.07,298,122,True,0
0.07,219,27,True,0
0.07,50,121,True,0
0.07,40,61,True,0
0.07,353,147,True,0
0.07,344,120,True,0
0.07,464,53,True,0
0.07,212,121,True,0
0.07,432,123,True,0
0.07,179,29,True,0
0.07,148,50,True,0
0.07,489,32,True,0
0.07,256,38,True,0
0.07,483,66,True,0
0.07,238,60,True,0
0.07,454,25,True,0
0.07,476,122,True,0
0.07,362,126,True,0
0.07,408,157,True,0
0.07,137,49,True,0
0.07,350,122,True,0
0.07,490,63,True,0
0.07,94,159,True,0
0.07,8,146,True,0
0.07,394,133,True,0
0.07,180,121,True,0
0.07,197,121,True,0
0.07,493,24,True,0
0.07,157,39,True,0
0.07,72,61,True,0
0.07,296,121,True,0
0.07,88,121,True,0
0.07,246,23,True,0
0.07,257,116,True,0
0.07,220,121,True,0
0.07,151,28,True,0
0.07,209,119,True,0
0.07,149,49,True,0
0.07,189,151,True,0
0.07,113,75,True,0
0.07,343,120,True,0
0.07,84,125,True,0
0.07,190,146,True,0
0.07,17,121,True,0
0.07,2,9,True,0
0.07,112,119,True,0
0.07,445,72,True,0
0.07,107,121,True,0
0.07,204,55,True,0
0.07,205,116,True,0
0.07,381,145,True,0
0.07,447,69,True,0
0.07,451,57,True,0
0.07,86,4,True,0
0.07,313,119,True,0
0.07,369,162,True,0
0.07,316,127,True,0
0.07,141,121,True,0
0.07,133,121,True,0
0.07,345,122,True,0
0.07,378,35,True,0
0.07,315,121,True,0
0.07,348,49,True,0
0.07,307,130,True,0
0.07,421,28,True,0
0.07,405,65,True,0
0.07,477,69,True,0
0.07,24,121,True,0
0.07,465,49,True,0
0.07,449,120,True,0
0.07,276,58,True,0
0.07,323,181,True,0
0.07,7,131,True,0
0.07,126,97,True,0
0.07,349,157,True,0
0.07,338,121,True,0
0.07,379,65,True,0
0.07,37,57,True,0
0.07,367,62,True,0
0.07,60,125,True,0
0.07,229,41,True,0
0.07,334,14,True,0
0.07,14,102,True,0
0.07,450,130,True,0
0.07,468,164,True,0
0.07,312,149,True,0
0.07,134,121,True,0
0.07,472,146,True,0
0.07,117,121,True,0
0.07,410,120,True,0
0.07,310,9,True,0
0.07,419,46,True,0
0.07,358,121,True,0
0.07,300,120,True,0
0.07,213,58,True,0
0.07,79,118,True,0
0.07,188,128,True,0
0.07,78,148,True,0
0.07,356,126,True,0
0.07,357,65,True,0
0.07,128,48,True,0
0.07,412,65,True,0
0.07,413,132,True,0
0.07,71,120,True,0
0.07,370,120,True,0
0.07,351,42,True,0
0.07,467,58,True,0
0.07,150,126,True,0
0.07,43,68,True,0
0.07,195,165,True,0
0.07,15,151,True,0
0.07,284,160,True,0
0.07,437,65,True,0
0.07,469,123,True,0
0.07,85,127,True,0
0.07,390,125,True,0
0.07,235,65,True,0
0.07,272,121,True,0
0.07,233,58,True,0
0.07,291,117,True,0
0.07,153,127,True,0
0.07,269,37,True,0
0.07,139,131,True,0
0.07,377,155,True,0
0.07,35,136,True,0
0.07,302,7,True,0
0.07,110,29,True,0
0.07,18,28,True,0
0.07,121,121,True,0
0.07,495,31,True,0
0.07,44,41,True,0
0.07,240,128,True,0
0.07,267,121,True,0
0.07,439,126,True,0
0.07,241,37,True,0
0.07,142,28,True,0
0.07,115,121,True,0
0.07,56,28,True,0
0.07,320,8,True,0
0.07,260,121,True,0
0.07,254,125,True,0
0.07,406,146,True,0
0.07,308,37,True,0
0.07,374,121,True,0
0.07,455,33,True,0
0.07,253,182,True,0
0.07,90,121,True,0
0.07,275,128,True,0
0.07,481,121,True,0
0.07,16,65,True,0
0.07,82,118,True,0
0.09,270,152,True,0
0.09,170,122,True,0
0.09,375,52,True,0
0.09,261,72,True,0
0.09,178,152,True,0
0.09,132,121,True,0
0.09,118,121,True,0
0.09,7,69,True,0
0.09,289,28,True,0
0.09,115,148,True,0
0.09,61,136,True,0
0.09,105,122,True,0
0.09,370,5,True,0
0.09,158,135,True,0
0.09,469,117,True,0
0.09,231,60,True,0
0.09,82,119,True,0
0.09,448,147,True,0
0.09,274,128,True,0
0.09,435,134,True,0
0.09,455,29,True,0
0.09,262,115,True,0
0.09,378,54,True,0
0.09,31,140,True,0
0.09,130,8,True,0
0.09,307,149,True,0
0.09,430,68,True,0
0.09,112,150,True,0
0.09,44,157,True,0
0.09,339,53,True,0
0.09,126,130,True,0
0.09,472,28,True,0
0.09,56,34,True,0
0.09,57,26,True,0
0.09,425,30,True,0
0.09,463,118,True,0
0.09,207,51,True,0
0.09,317,28,True,0
0.09,228,61,True,0
0.09,226,132,True,0
0.09,157,153,True,0
0.09,340,33,True,0
0.09,8,140,True,0
0.09,336,19,True,0
0.09,409,121,True,0
0.09,468,120,True,0
0.09,96,121,True,0
0.09,174,127,True,0
0.09,52,152,True,0
0.09,67,158,True,0
0.09,133,127,True,0
0.09,34,39,True,0
0.09,383,145,True,0
0.09,380,90,True,0
0.09,94,121,True,0
0.09,433,50,True,0
0.09,55,19,True,0
0.09,482,121,True,0
0.09,206,30,True,0
0.09,466,29,True,0
0.09,51,133,True,0
0.09,192,122,True,0
0.09,334,150,True,0
0.09,284,47,True,0
0.09,494,127,True,0
0.09,40,119,True,0
0.09,363,153,True,0
0.09,453,121,True,0
0.09,146,78,True,0
0.09,489,117,True,0
0.09,194,65,True,0
0.09,213,37,True,0
0.09,446,121,True,0
0.09,180,139,True,0
0.09,3,159,True,0
0.09,11,121,True,0
0.09,45,65,True,0
0.09,154,125,True,0
0.09,461,65,True,0
0.09,1,104,True,0
0.09,423,122,True,0
0.09,164,53,True,0
0.09,202,120,True,0
0.09,266,75,True,0
0.09,451,64,True,0
0.09,244,125,True,0
0.09,309,38,True,0
0.09,491,65,True,0
0.09,385,144,True,0
0.09,195,49,True,0
0.09,149,127,True,0
0.09,441,121,True,0
0.09,150,159,True,0
0.09,2,39,True,0
0.09,392,130,True,0
0.09,74,124,True,0
0.09,161,147,True,0
0.09,349,65,True,0
0.09,295,65,True,0
0.09,439,127,True,0
0.09,77,150,True,0
0.09,404,145,True,0
0.09,47,75,True,0
0.09,341,145,True,0
0.09,102,120,True,0
0.09,428,41,True,0
0.09,49,152,True,0
0.09,175,39,True,0
0.09,368,63,True,0
0.09,64,149,True,0
0.09,492,129,True,0
0.09,297,38,True,0
0.09,222,41,True,0
0.09,287,28,True,0
0.09,242,121,True,0
0.09,286,12,True,0
0.09,258,125,True,0
0.09,432,130,True,0
0.09,386,118,True,0
0.09,79,63,True,0
0.09,260,119,True,0
0.09,476,56,True,0
0.09,240,125,True,0
0.09,20,121,True,0
0.09,281,144,True,0
0.09,279,19,True,0
0.09,353,134,True,0
0.09,345,146,True,0
0.09,106,65,True,0
0.09,499,146,True,0
0.09,485,151,True,0
0.09,496,117,True,0
0.09,408,119,True,0
0.09,191,127,True,0
0.09,413,167,True,0
0.09,276,146,True,0
0.09,337,5,True,0
0.09,171,19,True,0
0.09,123,130,True,0
0.09,290,122,True,0
0.09,117,37,True,0
0.09,359,66,True,0
0.09,9,119,True,0
0.09,42,34,True,0
0.09,153,148,True,0
0.09,90,159,True,0
0.09,85,15,True,0
0.09,83,116,True,0
0.09,456,70,True,0
0.09,101,75,True,0
0.09,223,151,True,0
0.09,65,149,True,0
0.09,155,121,True,0
0.09,329,129,True,0
0.09,108,48,True,0
0.09,214,45,True,0
0.09,88,153,True,0
0.09,97,22,True,0
0.09,225,54,True,0
0.09,110,131,True,0
0.09,438,149,True,0
0.09,458,161,True,0
0.09,471,144,True,0
0.09,344,104,True,0
0.09,114,73,True,0
0.09,181,58,True,0
0.09,239,125,True,0
0.09,160,161,True,0
0.09,4,124,True,0
0.09,144,152,True,0
0.09,211,64,True,0
0.09,389,30,True,0
0.09,395,126,True,0
0.09,22,121,True,0
0.09,396,188,True,0
0.09,421,136,True,0
0.09,343,128,True,0
0.09,100,29,True,0
0.09,308,133,True,0
0.09,143,130,True,0
0.09,135,149,True,0
0.09,186,63,True,0
0.09,457,125,True,0
0.09,247,130,True,0
0.09,177,78,True,0
0.09,302,34,True,0
0.09,304,128,True,0
0.09,467,140,True,0
0.09,424,120,True,0
0.09,248,117,True,0
0.09,331,125,True,0
0.09,473,139,True,0
0.09,128,136,True,0
0.09,264,38,True,0
0.09,127,16,True,0
0.09,131,121,True,0
0.09,58,77,True,0
0.09,480,140,True,0
0.09,293,145,True,0
0.09,416,129,True,0
0.11,442,143,True,0
0.11,113,143,True,0
0.11,419,152,True,0
0.11,310,25,True,0
0.11,6,152,True,0
0.11,273,40,True,0
0.11,168,144,True,0
0.11,99,130,True,0
0.11,233,132,True,0
0.11,485,32,True,0
0.11,169,152,True,0
0.11,398,27,True,0
0.11,149,62,True,0
0.11,48,132,True,0
0.11,256,119,True,0
0.11,426,48,True,0
0.11,93,34,True,0
0.11,261,36,True,0
0.11,334,176,True,0
0.11,498,121,True,0
0.11,278,124,True,0
0.11,267,128,True,0
0.11,335,67,True,0
0.11,467,24,True,0
0.11,403,54,True,0
0.11,188,27,True,0
0.11,42,39,True,0
0.11,132,121,True,0
0.11,32,121,True,0
0.11,197,50,True,0
0.11,266,54,True,0
0.11,325,161,True,0
0.11,115,152,True,0
0.11,470,151,True,0
0.11,126,65,True,0
0.11,74,72,True,0
0.11,83,145,True,0
0.11,351,83,True,0
0.11,1,11,True,0
0.11,452,16,True,0
0.11,439,144,True,0
0.11,170,122,True,0
0.11,199,58,True,0
0.11,460,71,True,0
0.11,186,135,True,0
0.11,82,132,True,0
0.11,167,28,True,0
0.11,436,33,True,0
0.11,409,137,True,0
0.11,111,32,True,0
0.11,182,49,True,0
0.11,117,91,True,0
0.11,87,100,True,0
0.11,462,129,True,0
0.11,356,156,True,0
0.11,54,131,True,0
0.11,411,153,True,0
0.11,413,135,True,0
0.11,395,63,True,0
0.11,123,133,True,0
0.11,315,74,True,0
0.11,491,127,True,0
0.11,429,65,True,0
0.11,139,140,True,0
0.11,4,65,True,0
0.11,13,131,True,0
0.11,242,82,True,0
0.11,161,108,True,0
0.11,23,130,True,0
0.11,15,117,True,0
0.11,396,128,True,0
0.11,196,100,True,0
0.11,308,86,True,0
0.11,37,16,True,0
0.11,283,134,True,0
0.11,150,8,True,0
0.11,311,16,True,0
0.11,136,59,True,0
0.11,383,117,True,0
0.11,486,68,True,0
0.11,204,66,True,0
0.11,263,126,True,0
0.11,326,119,True,0
0.11,91,53,True,0
0.11,64,7,True,0
0.11,181,124,True,0
0.11,320,132,True,0
0.11,297,131,True,0
0.11,307,119,True,0
0.11,369,9,True,0
0.11,151,124,True,0
0.11,109,101,True,0
0.11,207,146,True,0
0.11,371,11,True,0
0.11,230,125,True,0
0.11,331,144,True,0
0.11,301,50,True,0
0.11,218,150,True,0
0.11,454,119,True,0
0.11,497,134,True,0
0.11,105,57,True,0
0.11,96,6,True,0
0.11,275,159,True,0
0.11,484,121,True,0
0.11,206,145,True,0
0.11,328,125,True,0
0.11,237,150,True,0
0.11,231,11,True,0
0.11,77,52,True,0
0.11,31,132,True,0
0.11,321,127,True,0
0.11,243,133,True,0
0.11,290,124,True,0
0.11,392,146,True,0
0.11,153,177,True,0
0.11,187,69,True,0
0.11,448,64,True,0
0.11,268,144,True,0
0.11,85,131,True,0
0.11,288,126,True,0
0.11,20,26,True,0
0.11,41,53,True,0
0.11,410,129,True,0
0.11,332,30,True,0
0.11,463,130,True,0
0.11,118,67,True,0
0.11,217,146,True,0
0.11,479,28,True,0
0.11,377,119,True,0
0.11,386,71,True,0
0.11,134,29,True,0
0.11,22,62,True,0
0.11,389,20,True,0
0.11,417,130,True,0
0.11,387,26,True,0
0.11,431,63,True,0
0.11,159,122,True,0
0.11,262,139,True,0
0.11,240,121,True,0
0.11,352,67,True,0
0.11,303,57,True,0
0.11,299,57,True,0
0.11,63,130,True,0
0.11,440,122,True,0
0.11,499,58,True,0
0.11,378,26,True,0
0.11,280,32,True,0
0.11,66,119,True,0
0.11,141,122,True,0
0.11,172,27,True,0
0.11,40,33,True,0
0.11,238,126,True,0
0.11,21,136,True,0
0.11,474,81,True,0
0.11,316,140,True,0
0.11,235,34,True,0
0.11,68,135,True,0
0.11,382,69,True,0
0.11,137,123,True,0
0.11,133,130,True,0
0.11,360,161,True,0
0.11,364,73,True,0
0.11,221,119,True,0
0.11,298,130,True,0
0.11,451,62,True,0
0.11,9,124,True,0
0.11,274,162,True,0
0.11,226,136,True,0
0.11,475,136,True,0
0.11,138,117,True,0
0.11,140,7,True,0
0.11,43,155,True,0
0.11,289,149,True,0
0.11,414,66,True,0
0.11,347,120,True,0
0.11,252,62,True,0
0.11,127,118,True,0
0.11,154,16,True,0
0.11,145,28,True,0
0.11,304,134,True,0
0.11,241,58,True,0
0.11,5,132,True,0
0.11,164,123,True,0
0.11,246,121,True,0
0.11,184,82,True,0
0.11,227,78,True,0
0.11,47,76,True,0
0.11,79,134,True,0
0.11,65,70,True,0
0.11,201,25,True,0
0.11,271,136,True,0
0.11,189,130,True,0
0.11,355,38,True,0
0.11,366,121,True,0
0.11,202,126,True,0
0.11,97,24,True,0
0.11,472,117,True,0
0.11,191,29,True,0
0.11,397,123,True,0
0.11,100,81,True,0
0.13,287,39,True,0
0.13,466,48,True,0
0.13,226,129,True,0
0.13,460,29,True,0
0.13,70,48,True,0
0.13,146,50,True,0
0.13,337,57,True,0
0.13,82,108,True,0
0.13,404,116,True,0
0.13,459,121,True,0
0.13,130,130,True,0
0.13,341,134,True,0
0.13,24,158,True,0
0.13,40,29,True,0
0.13,239,39,True,0
0.13,228,125,True,0
0.13,119,176,True,0
0.13,494,152,True,0
0.13,45,38,True,0
0.13,212,143,True,0
0.13,159,168,True,0
0.13,387,31,True,0
0.13,477,119,True,0
0.13,462,120,True,0
0.13,415,150,True,0
0.13,74,161,True,0
0.13,106,60,True,0
0.13,160,8,True,0
0.13,49,46,True,0
0.13,348,121,True,0
0.13,6,39,True,0
0.13,137,135,True,0
0.13,399,137,True,0
0.13,486,132,True,0
0.13,359,128,True,0
0.13,284,121,True,0
0.13,120,7,True,0
0.13,213,5,True,0
0.13,41,45,True,0
0.13,496,27,True,0
0.13,499,122,True,0
0.13,316,32,True,0
0.13,480,35,True,0
0.13,283,70,True,0
0.13,267,24,True,0
0.13,185,81,True,0
0.13,124,126,True,0
0.13,468,126,True,0
0.13,202,107,True,0
0.13,194,98,True,0
0.13,378,25,True,0
0.13,65,47,True,0
0.13,256,7,True,0
0.13,219,197,True,0
0.13,375,153,True,0
0.13,0,128,True,0
0.13,452,54,True,0
0.13,377,114,True,0
0.13,393,28,True,0
0.13,489,117,True,0
0.13,457,135,True,0
0.13,427,156,True,0
0.13,351,150,True,0
0.13,424,154,True,0
0.13,347,21,True,0
0.13,69,53,True,0
0.13,2,155,True,0
0.13,28,34,True,0
0.13,59,100,True,0
0.13,80,44,True,0
0.13,109,42,True,0
0.13,360,125,True,0
0.13,467,69,True,0
0.13,73,71,True,0
0.13,104,12,True,0
0.13,180,45,True,0
0.13,298,21,True,0
0.13,432,138,True,0
0.13,270,144,True,0
0.13,474,38,True,0
0.13,122,121,True,0
0.13,88,46,True,0
0.13,111,73,True,0
0.13,51,59,True,0
0.13,68,60,True,0
0.13,125,40,True,0
0.13,290,18,True,0
0.13,259,5,True,0
0.13,498,56,True,0
0.13,449,44,True,0
0.13,484,139,True,0
0.13,147,122,True,0
0.13,269,36,True,0
0.13,285,33,True,0
0.13,444,19,True,0
0.13,305,65,True,0
0.13,366,35,True,0
0.13,382,145,True,0
0.13,164,53,True,0
0.13,367,129,True,0
0.13,204,80,True,0
0.13,308,121,True,0
0.13,323,129,True,0
0.13,193,156,True,0
0.13,151,148,True,0
0.13,176,35,True,0
0.13,116,128,True,0
0.13,245,123,True,0
0.13,413,66,True,0
0.13,126,6,True,0
0.13,428,61,True,0
0.13,143,45,True,0
0.13,71,38,True,0
0.13,135,137,True,0
0.13,198,135,True,0
0.13,433,120,True,0
0.13,220,125,True,0
0.13,361,29,True,0
0.13,405,161,True,0
0.13,402,137,True,0
0.13,140,19,True,0
0.13,19,128,True,0
0.13,409,125,True,0
0.13,234,139,True,0
0.13,422,148,True,0
0.13,373,59,True,0
0.13,114,68,True,0
0.13,5,4,True,0
0.13,265,27,True,0
0.13,38,30,True,0
0.13,112,130,True,0
0.13,170,186,True,0
0.13,211,144,True,0
0.13,272,130,True,0
0.13,386,129,True,0
0.13,420,61,True,0
0.13,330,71,True,0
0.13,155,63,True,0
0.13,107,28,True,0
0.13,396,12,True,0
0.13,56,180,True,0
0.13,131,104,True,0
0.13,274,37,True,0
0.13,11,55,True,0
0.13,349,81,True,0
0.13,448,132,True,0
0.13,318,23,True,0
0.13,227,59,True,0
0.13,121,129,True,0
0.13,186,53,True,0
0.13,332,16,True,0
0.13,222,136,True,0
0.13,414,13,True,0
0.13,181,25,True,0
0.13,178,119,True,0
0.13,215,27,True,0
0.13,478,155,True,0
0.13,52,38,True,0
0.13,492,175,True,0
0.13,388,144,True,0
0.13,252,36,True,0
0.13,311,27,True,0
0.13,301,143,True,0
0.13,79,30,True,0
0.13,138,160,True,0
0.13,148,141,True,0
0.13,431,66,True,0
0.13,115,159,True,0
0.13,1,124,True,0
0.13,224,131,True,0
0.13,423,125,True,0
0.13,394,79,True,0
0.13,191,120,True,0
0.13,133,13,True,0
0.13,139,127,True,0
0.13,450,136,True,0
0.13,244,130,True,0
0.13,34,61,True,0
0.13,329,121,True,0
0.13,190,129,True,0
0.13,103,81,True,0
0.13,383,131,True,0
0.13,297,46,True,0
0.13,300,50,True,0
0.13,201,128,True,0
0.13,21,147,True,0
0.13,390,116,True,0
0.13,296,130,True,0
0.13,322,125,True,0
0.13,93,63,True,0
0.13,15,32,True,0
0.13,292,9,True,0
0.13,66,14,True,0
0.13,20,58,True,0
0.13,189,64,True,0
0.13,465,155,True,0
0.13,309,136,True,0
0.13,260,117,True,0
0.13,161,57,True,0
0.13,53,93,True,0
0.15,331,141,True,0
0.15,163,133,True,0
0.15,481,31,True,0
0.15,378,150,True,0
0.15,39,130,True,0
0.15,498,68,True,0
0.15,476,159,True,0
0.15,404,122,True,0
0.15,470,13,True,0
0.15,61,68,True,0
0.15,417,146,True,0
0.15,110,75,True,0
0.15,206,119,True,0
0.15,30,122,True,0
0.15,75,37,True,0
0.15,159,147,True,0
0.15,363,154,True,0
0.15,424,12,True,0
0.15,63,4,True,0
0.15,382,123,True,0
0.15,442,136,True,0
0.15,484,138,True,0
0.15,400,33,True,0
0.15,129,7,True,0
0.15,158,16,True,0
0.15,376,156,True,0
0.15,185,38,True,0
0.15,1,133,True,0
0.15,34,51,True,0
0.15,150,120,True,0
0.15,448,72,True,0
0.15,377,39,True,0
0.15,246,131,True,0
0.15,180,64,True,0
0.15,146,125,True,0
0.15,8,34,True,0
0.15,315,48,True,0
0.15,173,167,True,0
0.15,422,118,True,0
0.15,337,55,True,0
0.15,199,20,True,0
0.15,55,51,True,0
0.15,191,79,True,0
0.15,389,69,True,0
0.15,367,134,True,0
0.15,234,6,True,0
0.15,25,42,True,0
0.15,346,129,True,0
0.15,24,4,True,0
0.15,202,12,True,0
0.15,229,109,True,0
0.15,328,32,True,0
0.15,247,123,True,0
0.15,232,21,True,0
0.15,23,64,True,0
0.15,451,45,True,0
0.15,46,133,True,0
0.15,205,39,True,0
0.15,73,128,True,0
0.15,49,119,True,0
0.15,368,7,True,0
0.15,482,64,True,0
0.15,362,70,True,0
0.15,394,74,True,0
0.15,323,36,True,0
0.15,351,120,True,0
0.15,333,76,True,0
0.15,189,57,True,0
0.15,124,133,True,0
0.15,347,19,True,0
0.15,391,10,True,0
0.15,306,104,True,0
0.15,227,140,True,0
0.15,282,148,True,0
0.15,488,121,True,0
0.15,423,123,True,0
0.15,93,152,True,0
0.15,486,61,True,0
0.15,143,4,True,0
0.15,59,137,True,0
0.15,14,73,True,0
0.15,275,119,True,0
0.15,384,127,True,0
0.15,142,126,True,0
0.15,479,147,True,0
0.15,309,37,True,0
0.15,262,175,True,0
0.15,133,45,True,0
0.15,252,120,True,0
0.15,35,55,True,0
0.15,473,139,True,0
0.15,256,138,True,0
0.15,457,49,True,0
0.15,352,63,True,0
0.15,419,26,True,0
0.15,297,127,True,0
0.15,259,129,True,0
0.15,68,127,True,0
0.15,466,61,True,0
0.15,195,129,True,0
0.15,176,51,True,0
0.15,465,124,True,0
0.15,312,42,True,0
0.15,136,56,True,0
0.15,50,63,True,0
0.15,208,125,True,0
0.15,194,20,True,0
0.15,464,64,True,0
0.15,321,24,True,0
0.15,410,45,True,0
0.15,174,124,True,0
0.15,401,56,True,0
0.15,336,62,True,0
0.15,113,125,True,0
0.15,108,104,True,0
0.15,403,58,True,0
0.15,343,24,True,0
0.15,204,119,True,0
0.15,474,10,True,0
0.15,212,30,True,0
0.15,139,27,True,0
0.15,87,48,True,0
0.15,365,137,True,0
0.15,496,126,True,0
0.15,408,33,True,0
0.15,264,121,True,0
0.15,15,50,True,0
0.15,436,131,True,0
0.15,440,39,True,0
0.15,82,121,True,0
0.15,386,30,True,0
0.15,452,33,True,0
0.15,42,166,True,0
0.15,60,151,True,0
0.15,72,9,True,0
0.15,48,144,True,0
0.15,109,70,True,0
0.15,338,168,True,0
0.15,445,151,True,0
0.15,288,155,True,0
0.15,342,144,True,0
0.15,226,146,True,0
0.15,151,64,True,0
0.15,493,152,True,0
0.15,79,50,True,0
0.15,19,125,True,0
0.15,489,127,True,0
0.15,402,27,True,0
0.15,289,6,True,0
0.15,412,52,True,0
0.15,299,34,True,0
0.15,233,119,True,0
0.15,460,51,True,0
0.15,172,4,True,0
0.15,491,54,True,0
0.15,5,135,True,0
0.15,335,55,True,0
0.15,380,16,True,0
0.15,272,123,True,0
0.15,290,58,True,0
0.15,469,42,True,0
0.15,148,136,True,0
0.15,41,137,True,0
0.15,317,35,True,0
0.15,361,116,True,0
0.15,301,34,True,0
0.15,310,201,True,0
0.15,37,35,True,0
0.15,407,148,True,0
0.15,4,46,True,0
0.15,349,155,True,0
0.15,439,102,True,0
0.15,53,139,True,0
0.15,52,139,True,0
0.15,443,52,True,0
0.15,467,37,True,0
0.15,353,17,True,0
0.15,413,136,True,0
0.15,120,125,True,0
0.15,179,144,True,0
0.15,65,117,True,0
0.15,478,158,True,0
0.15,165,120,True,0
0.15,348,124,True,0
0.15,190,142,True,0
0.15,137,24,True,0
0.15,428,135,True,0
0.15,45,65,True,0
0.15,88,127,True,0
0.15,279,118,True,0
0.15,47,115,True,0
0.15,213,117,True,0
0.15,100,152,True,0
0.15,260,151,True,0
0.15,480,131,True,0
0.15,286,11,True,0
0.15,258,50,True,0
0.15,40,129,True,0
0.15,392,63,True,0
0.15,483,154,True,0
0.17,365,132,True,0
0.17,466,126,True,0
0.17,332,44,True,0
0.17,371,136,True,0
0.17,246,150,True,0
0.17,234,125,True,0
0.17,29,53,True,0
0.17,405,155,True,0
0.17,216,124,True,0
0.17,17,125,True,0
0.17,293,27,True,0
0.17,57,62,True,0
0.17,102,136,True,0
0.17,198,45,True,0
0.17,220,161,True,0
0.17,393,4,True,1
0.17,428,158,True,0
0.17,217,37,True,0
0.17,154,72,True,0
0.17,256,21,True,0
0.17,229,55,True,0
0.17,58,145,True,0
0.17,325,119,True,0
0.17,330,105,True,0
0.17,56,48,True,0
0.17,344,27,True,0
0.17,498,26,True,0
0.17,148,122,True,0
0.17,340,101,True,0
0.17,33,55,True,0
0.17,439,7,True,0
0.17,252,132,True,0
0.17,468,67,True,0
0.17,402,4,True,1
0.17,201,155,True,0
0.17,230,54,True,0
0.17,73,81,True,0
0.17,49,133,True,0
0.17,279,134,True,0
0.17,160,140,True,0
0.17,404,131,True,0
0.17,124,132,True,0
0.17,372,130,True,0
0.17,286,38,True,0
0.17,275,151,True,0
0.17,68,140,True,0
0.17,295,8,True,0
0.17,139,28,True,0
0.17,366,65,True,0
0.17,461,8,True,0
0.17,172,135,True,0
0.17,453,27,True,0
0.17,437,63,True,0
0.17,128,64,True,0
0.17,362,101,True,0
0.17,323,156,True,0
0.17,241,4,True,0
0.17,110,58,True,0
0.17,326,122,True,0
0.17,429,18,True,0
0.17,496,159,True,0
0.17,474,119,True,0
0.17,238,169,True,0
0.17,341,8,True,0
0.17,232,155,True,0
0.17,28,130,True,0
0.17,131,138,True,0
0.17,168,144,True,0
0.17,59,35,True,0
0.17,435,58,True,0
0.17,176,158,True,0
0.17,37,47,True,0
0.17,322,46,True,0
0.17,2,120,True,0
0.17,64,125,True,0
0.17,19,103,True,0
0.17,140,42,True,0
0.17,338,75,True,0
0.17,69,58,True,0
0.17,106,3,True,1
0.17,99,66,True,0
0.17,304,137,True,0
0.17,370,49,True,0
0.17,311,123,True,0
0.17,373,122,True,0
0.17,132,68,True,0
0.17,296,188,True,0
0.17,487,79,True,0
0.17,237,60,True,0
0.17,109,120,True,0
0.17,432,119,True,0
0.17,396,127,True,0
0.17,80,6,True,0
0.17,266,120,True,0
0.17,471,43,True,0
0.17,436,129,True,0
0.17,188,11,True,0
0.17,27,55,True,0
0.17,71,10,True,0
0.17,156,13,True,0
0.17,191,126,True,0
0.17,284,9,True,0
0.17,448,134,True,0
0.17,382,12,True,0
0.17,407,102,True,0
0.17,378,26,True,0
0.17,65,124,True,0
0.17,82,65,True,0
0.17,174,20,True,0
0.17,259,138,True,0
0.17,347,101,True,0
0.17,189,70,True,0
0.17,419,56,True,0
0.17,334,120,True,0
0.17,445,167,True,0
0.17,412,121,True,0
0.17,497,10,True,0
0.17,492,47,True,0
0.17,355,44,True,0
0.17,280,34,True,0
0.17,98,57,True,0
0.17,374,25,True,0
0.17,376,137,True,0
0.17,126,120,True,0
0.17,306,111,True,0
0.17,133,62,True,0
0.17,452,3,True,0
0.17,12,127,True,0
0.17,415,140,True,0
0.17,231,119,True,0
0.17,222,33,True,0
0.17,475,136,True,0
0.17,210,4,True,0
0.17,236,21,True,0
0.17,89,46,True,0
0.17,257,18,True,0
0.17,129,20,True,0
0.17,66,71,True,0
0.17,351,74,True,0
0.17,470,36,True,0
0.17,63,146,True,0
0.17,196,152,True,0
0.17,386,152,True,0
0.17,482,29,True,0
0.17,121,83,True,0
0.17,181,154,True,0
0.17,476,34,True,0
0.17,416,60,True,0
0.17,364,26,True,0
0.17,165,73,True,0
0.17,269,120,True,0
0.17,46,23,True,0
0.17,350,54,True,0
0.17,215,16,True,0
0.17,264,56,True,0
0.17,7,33,True,0
0.17,339,85,True,0
0.17,86,25,True,0
0.17,52,123,True,0
0.17,171,129,True,0
0.17,223,119,True,0
0.17,389,42,True,0
0.17,427,69,True,0
0.17,207,123,True,0
0.17,486,13,True,0
0.17,38,80,True,0
0.17,200,143,True,0
0.17,218,126,True,0
0.17,458,122,True,0
0.17,283,6,True,0
0.17,327,13,True,0
0.17,195,133,True,0
0.17,101,54,True,0
0.17,249,40,True,0
0.17,224,125,True,0
0.17,385,106,True,0
0.17,205,28,True,0
0.17,31,120,True,0
0.17,212,3,True,1
0.17,35,134,True,0
0.17,446,145,True,0
0.17,32,28,True,0
0.17,136,126,True,0
0.17,392,157,True,0
0.17,9,28,True,0
0.17,239,130,True,0
0.17,60,25,True,0
0.17,117,79,True,0
0.17,361,105,True,0
0.17,422,75,True,0
0.17,155,123,True,0
0.17,108,119,True,0
0.17,142,4,True,0
0.17,163,83,True,0
0.17,438,125,True,0
0.17,379,80,True,0
0.17,164,151,True,0
0.17,359,148,True,0
0.17,119,73,True,0
0.17,197,48,True,0
0.19,299,142,True,0
0.19,305,134,True,0
0.19,248,16,True,0
0.19,277,147,True,0
0.19,154,50,True,0
0.19,317,139,True,0
0.19,11,138,True,0
0.19,479,5,True,0
0.19,494,9,True,0
0.19,295,121,True,0
0.19,126,142,True,0
0.19,416,35,True,0
0.19,328,132,True,0
0.19,80,58,True,0
0.19,309,28,True,0
0.19,268,20,True,0
0.19,462,158,True,0
0.19,368,152,True,0
0.19,44,26,True,0
0.19,30,128,True,0
0.19,200,129,True,0
0.19,448,127,True,0
0.19,355,157,True,0
0.19,308,117,True,0
0.19,93,150,True,0
0.19,442,45,True,0
0.19,251,34,True,0
0.19,199,33,True,0
0.19,140,123,True,0
0.19,103,53,True,0
0.19,370,130,True,0
0.19,24,136,True,0
0.19,394,64,True,0
0.19,437,118,True,0
0.19,178,159,True,0
0.19,249,133,True,0
0.19,301,54,True,0
0.19,454,55,True,0
0.19,478,156,True,0
0.19,319,128,True,0
0.19,68,28,True,0
0.19,358,128,True,0
0.19,43,75,True,0
0.19,267,26,True,0
0.19,29,94,True,0
0.19,417,137,True,0
0.19,188,98,True,0
0.19,74,33,True,0
0.19,87,155,True,0
0.19,120,129,True,0
0.19,181,25,True,0
0.19,183,123,True,0
0.19,315,63,True,0
0.19,226,124,True,0
0.19,304,144,True,0
0.19,337,126,True,0
0.19,118,150,True,0
0.19,482,147,True,0
0.19,348,66,True,0
0.19,236,98,True,0
0.19,496,136,True,0
0.19,0,40,True,0
0.19,421,6,True,0
0.19,218,56,True,0
0.19,259,20,True,0
0.19,139,30,True,0
0.19,110,3,True,0
0.19,201,62,True,0
0.19,445,138,True,0
0.19,167,75,True,0
0.19,378,104,True,0
0.19,72,138,True,0
0.19,388,63,True,0
0.19,240,150,True,0
0.19,77,25,True,0
0.19,88,32,True,0
0.19,177,119,True,0
0.19,289,152,True,0
0.19,102,44,True,0
0.19,67,132,True,0
0.19,389,40,True,0
0.19,190,66,True,0
0.19,396,53,True,0
0.19,121,153,True,0
0.19,423,35,True,0
0.19,135,54,True,0
0.19,145,144,True,0
0.19,83,55,True,0
0.19,432,140,True,0
0.19,40,7,True,0
0.19,450,31,True,0
0.19,48,69,True,0
0.19,434,62,True,0
0.19,350,3,True,0
0.19,466,121,True,0
0.19,324,122,True,0
0.19,477,139,True,0
0.19,26,117,True,0
0.19,55,123,True,0
0.19,42,131,True,0
0.19,263,49,True,0
0.19,70,58,True,0
0.19,33,149,True,0
0.19,129,167,True,0
0.19,8,25,True,0
0.19,212,3,True,1
0.19,291,121,True,0
0.19,481,123,True,0
0.19,234,56,True,0
0.19,287,27,True,0
0.19,451,136,True,0
0.19,497,145,True,0
0.19,204,124,True,0
0.19,144,120,True,0
0.19,39,63,True,0
0.19,298,8,True,0
0.19,292,150,True,0
0.19,101,152,True,0
0.19,484,29,True,0
0.19,446,70,True,0
0.19,390,18,True,0
0.19,49,163,True,0
0.19,425,52,True,0
0.19,447,65,True,0
0.19,193,166,True,0
0.19,440,33,True,0
0.19,492,118,True,0
0.19,490,130,True,0
0.19,151,80,True,0
0.19,459,55,True,0
0.19,475,146,True,0
0.19,235,123,True,0
0.19,283,36,True,0
0.19,187,121,True,0
0.19,7,34,True,0
0.19,176,38,True,0
0.19,486,32,True,0
0.19,73,46,True,0
0.19,306,119,True,0
0.19,56,36,True,0
0.19,253,117,True,0
0.19,61,33,True,0
0.19,231,42,True,0
0.19,262,128,True,0
0.19,115,129,True,0
0.19,94,32,True,0
0.19,230,126,True,0
0.19,81,120,True,0
0.19,464,32,True,0
0.19,366,73,True,0
0.19,293,134,True,0
0.19,170,120,True,0
0.19,109,146,True,0
0.19,46,157,True,0
0.19,211,176,True,0
0.19,85,129,True,0
0.19,50,122,True,0
0.19,452,122,True,0
0.19,104,20,True,0
0.19,393,23,True,0
0.19,391,42,True,0
0.19,499,137,True,0
0.19,6,36,True,0
0.19,105,146,True,0
0.19,206,60,True,0
0.19,164,51,True,0
0.19,22,62,True,0
0.19,255,66,True,0
0.19,338,119,True,0
0.19,60,124,True,0
0.19,316,146,True,0
0.19,356,141,True,0
0.19,243,23,True,0
0.19,62,143,True,0
0.19,57,135,True,0
0.19,367,135,True,0
0.19,498,153,True,0
0.19,185,68,True,0
0.19,376,129,True,0
0.19,357,123,True,0
0.19,302,48,True,0
0.19,377,14,True,0
0.19,339,148,True,0
0.19,220,3,True,0
0.19,363,155,True,0
0.19,362,37,True,0
0.19,132,49,True,0
0.19,173,12,True,0
0.19,383,34,True,0
0.19,31,150,True,0
0.19,21,9,True,0
0.19,375,24,True,0
0.19,143,144,True,0
0.19,1,100,True,0
0.19,336,137,True,0
0.19,473,49,True,0
0.19,327,129,True,0
0.19,403,117,True,0
0.19,76,53,True,0
0.19,202,20,True,0
0.21,130,47,True,0
0.21,63,26,True,0
0.21,465,26,True,0
0.21,298,121,True,0
0.21,269,123,True,0
0.21,142,127,True,0
0.21,304,35,True,0
0.21,177,138,True,0
0.21,353,3,True,1
0.21,244,118,True,0
0.21,262,122,True,0
0.21,373,4,True,1
0.21,114,71,True,0
0.21,382,113,True,0
0.21,196,152,True,0
0.21,376,129,True,0
0.21,27,35,True,0
0.21,12,33,True,0
0.21,95,126,True,0
0.21,410,45,True,0
0.21,434,70,True,0
0.21,232,66,True,0
0.21,331,133,True,0
0.21,171,154,True,0
0.21,15,3,True,1
0.21,392,121,True,0
0.21,80,55,True,0
0.21,265,129,True,0
0.21,343,44,True,0
0.21,182,50,True,0
0.21,61,35,True,0
0.21,342,120,True,0
0.21,420,129,True,0
0.21,220,70,True,0
0.21,9,41,True,0
0.21,348,35,True,0
0.21,118,70,True,0
0.21,138,123,True,0
0.21,231,99,True,0
0.21,212,9,True,0
0.21,184,162,True,0
0.21,349,34,True,0
0.21,211,163,True,0
0.21,70,36,True,0
0.21,161,116,True,0
0.21,19,22,True,0
0.21,209,59,True,0
0.21,335,145,True,0
0.21,124,121,True,0
0.21,361,152,True,0
0.21,341,94,True,0
0.21,489,124,True,0
0.21,380,124,True,0
0.21,424,68,True,0
0.21,3,26,True,0
0.21,87,69,True,0
0.21,398,136,True,0
0.21,215,148,True,0
0.21,197,52,True,0
0.21,429,94,True,0
0.21,169,118,True,0
0.21,267,123,True,0
0.21,485,50,True,0
0.21,187,133,True,0
0.21,432,140,True,0
0.21,200,157,True,0
0.21,302,55,True,0
0.21,238,124,True,0
0.21,53,137,True,0
0.21,35,133,True,0
0.21,338,17,True,0
0.21,384,134,True,0
0.21,229,129,True,0
0.21,367,162,True,0
0.21,96,155,True,0
0.21,145,132,True,0
0.21,273,52,True,0
0.21,370,118,True,0
0.21,129,26,True,0
0.21,282,73,True,0
0.21,179,30,True,0
0.21,471,78,True,0
0.21,45,32,True,0
0.21,390,48,True,0
0.21,73,67,True,0
0.21,428,73,True,0
0.21,133,3,True,1
0.21,55,127,True,0
0.21,333,101,True,0
0.21,183,33,True,0
0.21,217,81,True,0
0.21,456,36,True,0
0.21,283,22,True,0
0.21,127,6,True,1
0.21,173,151,True,0
0.21,125,57,True,0
0.21,214,137,True,0
0.21,450,74,True,0
0.21,144,134,True,0
0.21,66,120,True,0
0.21,457,34,True,0
0.21,117,27,True,0
0.21,36,147,True,0
0.21,330,129,True,0
0.21,104,146,True,0
0.21,242,105,True,0
0.21,121,119,True,0
0.21,328,26,True,0
0.21,261,8,True,0
0.21,336,74,True,0
0.21,266,27,True,0
0.21,29,30,True,0
0.21,347,148,True,0
0.21,246,80,True,0
0.21,69,122,True,0
0.21,71,121,True,0
0.21,479,137,True,0
0.21,288,132,True,0
0.21,110,79,True,0
0.21,42,122,True,0
0.21,291,137,True,0
0.21,413,43,True,0
0.21,168,131,True,0
0.21,11,130,True,0
0.21,493,68,True,0
0.21,240,152,True,0
0.21,496,121,True,0
0.21,88,172,True,0
0.21,320,125,True,0
0.21,72,154,True,0
0.21,403,48,True,0
0.21,224,72,True,0
0.21,297,120,True,0
0.21,4,35,True,0
0.21,76,122,True,0
0.21,5,166,True,0
0.21,454,155,True,0
0.21,14,127,True,0
0.21,30,111,True,0
0.21,233,126,True,0
0.21,255,49,True,0
0.21,329,128,True,0
0.21,1,153,True,0
0.21,458,66,True,0
0.21,324,81,True,0
0.21,271,27,True,0
0.21,289,128,True,0
0.21,309,124,True,0
0.21,64,121,True,0
0.21,299,37,True,0
0.21,236,134,True,0
0.21,170,8,True,0
0.21,152,25,True,0
0.21,32,117,True,0
0.21,259,32,True,0
0.21,102,133,True,0
0.21,482,120,True,0
0.21,317,131,True,0
0.21,385,100,True,0
0.21,455,129,True,0
0.21,296,136,True,0
0.21,213,48,True,0
0.21,374,4,True,1
0.21,415,144,True,0
0.21,31,7,True,0
0.21,155,181,True,0
0.21,58,21,True,0
0.21,439,81,True,0
0.21,43,126,True,0
0.21,8,144,True,0
0.21,483,13,True,0
0.21,7,44,True,0
0.21,101,104,True,0
0.21,389,43,True,0
0.21,416,152,True,0
0.21,178,71,True,0
0.21,463,40,True,0
0.21,453,118,True,0
0.21,260,31,True,0
0.21,136,123,True,0
0.21,276,135,True,0
0.21,474,7,True,0
0.21,120,143,True,0
0.21,134,153,True,0
0.21,60,11,True,0
0.21,174,7,True,0
0.21,204,98,True,0
0.21,472,25,True,0
0.21,135,151,True,0
0.21,368,156,True,0
0.21,326,66,True,0
0.21,86,127,True,0
0.21,111,121,True,0
0.21,247,119,True,0
0.21,293,130,True,0
0.21,249,120,True,0
0.21,139,3,True,1
0.21,401,39,True,0
0.21,258,34,True,0
0.21,318,55,True,0
0.23,442,66,True,0
0.23,78,146,True,0
0.23,44,68,True,0
0.23,115,3,True,1
0.23,455,5,True,0
0.23,296,48,True,0
0.23,55,100,True,0
0.23,445,128,True,0
0.23,459,149,True,0
0.23,58,21,True,0
0.23,410,49,True,0
0.23,94,4,True,1
0.23,294,121,True,0
0.23,196,51,True,0
0.23,430,37,True,0
0.23,186,131,True,0
0.23,321,145,True,0
0.23,142,42,True,0
0.23,424,72,True,0
0.23,373,143,True,0
0.23,291,123,True,0
0.23,223,141,True,0
0.23,279,134,True,0
0.23,405,120,True,0
0.23,280,151,True,0
0.23,414,3,True,1
0.23,202,27,True,0
0.23,385,136,True,0
0.23,366,22,True,0
0.23,149,32,True,0
0.23,156,49,True,0
0.23,211,119,True,0
0.23,225,4,True,1
0.23,379,67,True,0
0.23,395,25,True,0
0.23,57,5,True,1
0.23,224,3,True,1
0.23,233,45,True,0
0.23,125,4,True,1
0.23,236,140,True,0
0.23,407,40,True,0
0.23,433,7,True,0
0.23,466,52,True,0
0.23,342,143,True,0
0.23,96,135,True,0
0.23,206,54,True,0
0.23,198,75,True,0
0.23,375,150,True,0
0.23,355,63,True,0
0.23,77,44,True,0
0.23,427,6,True,0
0.23,41,34,True,0
0.23,360,127,True,0
0.23,390,151,True,0
0.23,276,79,True,0
0.23,406,102,True,0
0.23,37,59,True,0
0.23,397,65,True,0
0.23,143,151,True,0
0.23,34,6,True,0
0.23,393,119,True,0
0.23,317,130,True,0
0.23,307,159,True,0
0.23,422,131,True,0
0.23,295,136,True,0
0.23,140,63,True,0
0.23,244,125,True,0
0.23,4,117,True,0
0.23,482,127,True,0
0.23,333,119,True,0
0.23,421,4,True,1
0.23,2,25,True,0
0.23,253,64,True,0
0.23,392,154,True,0
0.23,65,63,True,0
0.23,200,123,True,0
0.23,301,3,True,0
0.23,347,111,True,0
0.23,266,131,True,0
0.23,26,127,True,0
0.23,189,34,True,0
0.23,164,122,True,0
0.23,76,120,True,0
0.23,353,63,True,0
0.23,446,92,True,0
0.23,201,34,True,0
0.23,40,35,True,0
0.23,118,131,True,0
0.23,126,30,True,0
0.23,297,4,True,1
0.23,137,4,True,0
0.23,148,3,True,1
0.23,119,35,True,0
0.23,418,135,True,0
0.23,151,23,True,0
0.23,99,157,True,0
0.23,121,142,True,0
0.23,313,4,True,1
0.23,481,97,True,0
0.23,497,33,True,0
0.23,341,28,True,0
0.23,270,18,True,0
0.23,409,156,True,0
0.23,1,136,True,0
0.23,354,130,True,0
0.23,370,128,True,0
0.23,438,131,True,0
0.23,242,31,True,0
0.23,308,20,True,0
0.23,336,119,True,0
0.23,432,71,True,0
0.23,383,48,True,0
0.23,284,46,True,0
0.23,106,169,True,0
0.23,479,148,True,0
0.23,107,4,True,1
0.23,292,67,True,0
0.23,441,129,True,0
0.23,330,130,True,0
0.23,326,9,True,0
0.23,399,19,True,0
0.23,271,18,True,0
0.23,95,132,True,0
0.23,460,120,True,0
0.23,351,38,True,0
0.23,496,144,True,0
0.23,146,75,True,0
0.23,92,4,True,0
0.23,16,27,True,0
0.23,219,54,True,0
0.23,222,4,True,1
0.23,232,34,True,0
0.23,490,45,True,0
0.23,272,131,True,0
0.23,350,64,True,0
0.23,452,5,True,0
0.23,7,124,True,0
0.23,311,37,True,0
0.23,74,122,True,0
0.23,183,147,True,0
0.23,384,4,True,0
0.23,332,50,True,0
0.23,81,123,True,0
0.23,362,25,True,0
0.23,285,4,True,0
0.23,31,70,True,0
0.23,157,130,True,0
0.23,425,133,True,0
0.23,495,3,True,1
0.23,70,142,True,0
0.23,25,115,True,0
0.23,286,128,True,0
0.23,413,70,True,0
0.23,56,4,True,1
0.23,187,129,True,0
0.23,111,146,True,0
0.23,494,131,True,0
0.23,426,126,True,0
0.23,248,161,True,0
0.23,376,3,True,1
0.23,234,130,True,0
0.23,461,132,True,0
0.23,401,55,True,0
0.23,230,123,True,0
0.23,451,80,True,0
0.23,298,141,True,0
0.23,216,155,True,0
0.23,204,127,True,0
0.23,365,146,True,0
0.23,368,163,True,0
0.23,344,117,True,0
0.23,420,133,True,0
0.23,358,49,True,0
0.23,205,71,True,0
0.23,218,168,True,0
0.23,161,4,True,1
0.23,87,4,True,1
0.23,134,158,True,0
0.23,217,4,True,1
0.23,64,127,True,0
0.23,239,25,True,0
0.23,356,55,True,0
0.23,464,120,True,0
0.23,251,148,True,0
0.23,108,138,True,0
0.23,38,17,True,0
0.23,282,44,True,0
0.23,208,147,True,0
0.23,195,4,True,1
0.23,335,36,True,0
0.23,113,30,True,0
0.23,93,102,True,0
0.23,117,4,True,1
0.23,431,157,True,0
0.23,48,133,True,0
0.23,299,63,True,0
0.23,474,3,True,1
0.23,457,39,True,0
0.23,110,3,True,1
0.23,440,122,True,0
0.25,220,147,True,0
0.25,160,149,True,0
0.25,56,53,True,0
0.25,376,3,True,1
0.25,272,65,True,0
0.25,146,119,True,0
0.25,274,133,True,0
0.25,175,137,True,0
0.25,317,69,True,0
0.25,17,133,True,0
0.25,98,27,True,0
0.25,428,136,True,0
0.25,367,60,True,0
0.25,339,128,True,0
0.25,236,31,True,0
0.25,80,4,True,1
0.25,6,82,True,0
0.25,452,4,True,1
0.25,472,34,True,0
0.25,304,76,True,0
0.25,163,3,True,1
0.25,311,82,True,0
0.25,420,33,True,0
0.25,280,74,True,0
0.25,454,120,True,0
0.25,7,4,True,1
0.25,330,128,True,0
0.25,83,39,True,0
0.25,228,125,True,0
0.25,235,6,True,0
0.25,295,49,True,0
0.25,314,34,True,0
0.25,262,152,True,0
0.25,89,66,True,0
0.25,383,163,True,0
0.25,199,149,True,0
0.25,382,131,True,0
0.25,488,122,True,0
0.25,40,28,True,0
0.25,219,134,True,0
0.25,380,35,True,0
0.25,106,10,True,0
0.25,253,137,True,0
0.25,116,38,True,0
0.25,430,137,True,0
0.25,348,102,True,0
0.25,494,30,True,0
0.25,55,50,True,0
0.25,440,35,True,0
0.25,450,121,True,0
0.25,225,130,True,0
0.25,14,3,True,1
0.25,130,136,True,0
0.25,61,3,True,1
0.25,309,32,True,0
0.25,28,124,True,0
0.25,358,7,True,0
0.25,361,27,True,0
0.25,331,123,True,0
0.25,170,182,True,0
0.25,135,158,True,0
0.25,479,132,True,0
0.25,239,128,True,0
0.25,240,123,True,0
0.25,27,3,True,1
0.25,360,141,True,0
0.25,493,4,True,1
0.25,19,123,True,0
0.25,412,3,True,1
0.25,53,28,True,0
0.25,3,5,True,0
0.25,137,142,True,0
0.25,33,145,True,0
0.25,464,137,True,0
0.25,105,123,True,0
0.25,269,56,True,0
0.25,399,101,True,0
0.25,396,126,True,0
0.25,226,132,True,0
0.25,132,46,True,0
0.25,392,59,True,0
0.25,463,31,True,0
0.25,478,127,True,0
0.25,443,118,True,0
0.25,292,3,True,1
0.25,404,5,True,1
0.25,436,163,True,0
0.25,167,34,True,0
0.25,121,72,True,0
0.25,192,3,True,1
0.25,204,3,True,1
0.25,282,146,True,0
0.25,425,53,True,0
0.25,246,134,True,0
0.25,71,122,True,0
0.25,477,38,True,0
0.25,237,10,True,0
0.25,76,145,True,0
0.25,5,3,True,1
0.25,164,41,True,0
0.25,315,42,True,0
0.25,221,99,True,0
0.25,144,145,True,0
0.25,393,44,True,0
0.25,334,66,True,0
0.25,448,29,True,0
0.25,267,54,True,0
0.25,414,128,True,0
0.25,364,52,True,0
0.25,305,7,True,0
0.25,101,98,True,0
0.25,432,149,True,0
0.25,52,136,True,0
0.25,377,74,True,0
0.25,136,135,True,0
0.25,411,153,True,0
0.25,310,77,True,0
0.25,260,134,True,0
0.25,123,78,True,0
0.25,371,154,True,0
0.25,193,143,True,0
0.25,417,3,True,1
0.25,354,4,True,1
0.25,475,118,True,0
0.25,337,65,True,0
0.25,73,35,True,0
0.25,218,129,True,0
0.25,459,26,True,0
0.25,458,57,True,0
0.25,418,125,True,0
0.25,93,40,True,0
0.25,347,74,True,0
0.25,142,3,True,1
0.25,266,6,True,0
0.25,341,30,True,0
0.25,128,13,True,0
0.25,365,3,True,1
0.25,350,5,True,1
0.25,21,36,True,0
0.25,36,121,True,0
0.25,124,75,True,0
0.25,207,152,True,0
0.25,152,26,True,0
0.25,203,61,True,0
0.25,415,38,True,0
0.25,131,125,True,0
0.25,281,154,True,0
0.25,336,127,True,0
0.25,117,158,True,0
0.25,313,157,True,0
0.25,143,134,True,0
0.25,22,132,True,0
0.25,241,129,True,0
0.25,381,3,True,1
0.25,434,126,True,0
0.25,141,49,True,0
0.25,20,3,True,1
0.25,485,26,True,0
0.25,294,3,True,1
0.25,335,125,True,0
0.25,374,158,True,0
0.25,99,3,True,1
0.25,43,118,True,0
0.25,369,64,True,0
0.25,424,53,True,0
0.25,379,133,True,0
0.25,255,4,True,0
0.25,363,3,True,1
0.25,245,137,True,0
0.25,154,29,True,0
0.25,470,40,True,0
0.25,197,122,True,0
0.25,11,28,True,0
0.25,187,147,True,0
0.25,349,5,True,1
0.25,8,125,True,0
0.25,264,3,True,1
0.25,446,139,True,0
0.25,113,20,True,0
0.25,227,123,True,0
0.25,15,147,True,0
0.25,254,133,True,0
0.25,102,53,True,0
0.25,4,69,True,0
0.25,495,117,True,0
0.25,270,133,True,0
0.25,185,154,True,0
0.25,451,150,True,0
0.25,206,23,True,0
0.25,465,3,True,1
0.25,442,86,True,0
0.25,133,152,True,0
0.25,238,34,True,0
0.25,157,155,True,0
0.25,409,25,True,0
0.25,184,124,True,0
0.25,325,7,True,0
0.25,72,152,True,0
0.25,34,3,True,1
0.25,447,3,True,1
0.27,102,120,True,0
0.27,452,4,True,1
0.27,228,21,True,0
0.27,40,134,True,0
0.27,81,67,True,0
0.27,490,3,True,1
0.27,10,59,True,0
0.27,432,121,True,0
0.27,48,3,True,1
0.27,419,21,True,0
0.27,19,3,True,1
0.27,213,128,True,0
0.27,179,4,True,1
0.27,212,87,True,0
0.27,218,81,True,0
0.27,487,128,True,0
0.27,308,59,True,0
0.27,192,4,True,1
0.27,14,3,True,1
0.27,343,4,True,1
0.27,328,166,True,0
0.27,166,3,True,1
0.27,491,138,True,0
0.27,416,64,True,0
0.27,472,147,True,0
0.27,82,4,True,1
0.27,444,112,True,0
0.27,386,3,True,1
0.27,429,136,True,0
0.27,99,131,True,0
0.27,163,58,True,0
0.27,498,120,True,0
0.27,364,5,True,1
0.27,257,127,True,0
0.27,250,37,True,0
0.27,44,28,True,0
0.27,78,130,True,0
0.27,442,3,True,1
0.27,315,18,True,0
0.27,215,150,True,0
0.27,341,118,True,0
0.27,286,3,True,1
0.27,461,4,True,1
0.27,349,49,True,0
0.27,361,9,True,0
0.27,436,4,True,1
0.27,12,3,True,1
0.27,184,45,True,0
0.27,97,49,True,0
0.27,106,3,True,1
0.27,336,9,True,0
0.27,232,122,True,0
0.27,145,4,True,1
0.27,69,5,True,0
0.27,95,128,True,0
0.27,147,4,True,0
0.27,351,126,True,0
0.27,119,4,True,1
0.27,359,3,True,1
0.27,397,79,True,0
0.27,183,81,True,0
0.27,474,3,True,1
0.27,294,151,True,0
0.27,493,3,True,1
0.27,140,127,True,0
0.27,27,10,True,0
0.27,277,40,True,0
0.27,262,34,True,0
0.27,409,20,True,0
0.27,30,3,True,1
0.27,470,3,True,1
0.27,297,56,True,0
0.27,402,3,True,1
0.27,398,3,True,1
0.27,219,119,True,0
0.27,239,75,True,0
0.27,135,7,True,0
0.27,332,115,True,0
0.27,298,175,True,0
0.27,471,123,True,0
0.27,418,126,True,0
0.27,278,125,True,0
0.27,229,154,True,0
0.27,353,5,True,0
0.27,36,135,True,0
0.27,157,3,True,1
0.27,356,162,True,0
0.27,152,64,True,0
0.27,454,122,True,0
0.27,18,5,True,0
0.27,223,121,True,0
0.27,156,128,True,0
0.27,29,106,True,0
0.27,370,121,True,0
0.27,405,76,True,0
0.27,151,5,True,1
0.27,197,131,True,0
0.27,302,31,True,0
0.27,180,129,True,0
0.27,50,159,True,0
0.27,279,3,True,1
0.27,467,3,True,1
0.27,438,159,True,0
0.27,249,4,True,1
0.27,455,46,True,0
0.27,463,3,True,1
0.27,24,155,True,0
0.27,54,146,True,0
0.27,407,155,True,0
0.27,247,130,True,0
0.27,453,4,True,1
0.27,162,4,True,1
0.27,497,4,True,1
0.27,451,94,True,0
0.27,141,40,True,0
0.27,272,3,True,1
0.27,125,50,True,0
0.27,301,121,True,0
0.27,64,72,True,0
0.27,477,54,True,0
0.27,177,68,True,0
0.27,392,155,True,0
0.27,406,43,True,0
0.27,191,56,True,0
0.27,296,117,True,0
0.27,289,124,True,0
0.27,5,95,True,0
0.27,460,3,True,1
0.27,74,146,True,0
0.27,292,4,True,1
0.27,153,6,True,0
0.27,331,118,True,0
0.27,390,3,True,1
0.27,330,6,True,0
0.27,38,3,True,1
0.27,62,133,True,0
0.27,266,81,True,0
0.27,285,8,True,0
0.27,244,3,True,1
0.27,348,128,True,0
0.27,115,26,True,0
0.27,259,68,True,0
0.27,458,38,True,0
0.27,113,146,True,0
0.27,204,57,True,0
0.27,316,10,True,0
0.27,482,29,True,0
0.27,21,138,True,0
0.27,127,35,True,0
0.27,28,3,True,1
0.27,167,3,True,1
0.27,494,4,True,1
0.27,9,29,True,0
0.27,107,4,True,1
0.27,117,3,True,1
0.27,256,29,True,0
0.27,323,62,True,0
0.27,310,61,True,0
0.27,447,141,True,0
0.27,131,123,True,0
0.27,85,132,True,0
0.27,365,19,True,0
0.27,79,38,True,0
0.27,274,120,True,0
0.27,137,26,True,0
0.27,476,138,True,0
0.27,469,83,True,0
0.27,75,134,True,0
0.27,120,149,True,0
0.27,312,124,True,0
0.27,108,147,True,0
0.27,388,3,True,1
0.27,473,3,True,1
0.27,434,70,True,0
0.27,403,44,True,0
0.27,420,127,True,0
0.27,136,106,True,0
0.27,459,3,True,1
0.27,42,133,True,0
0.27,275,60,True,0
0.27,483,3,True,1
0.27,4,3,True,1
0.27,1,4,True,1
0.27,110,32,True,0
0.27,88,4,True,1
0.27,124,4,True,0
0.27,479,3,True,1
0.27,101,181,True,0
0.27,104,3,True,1
0.27,190,29,True,0
0.27,291,5,True,0
0.27,32,79,True,0
0.27,93,4,True,1
0.27,139,4,True,0
0.27,488,120,True,0
0.27,439,27,True,0
0.27,326,149,True,0
0.27,329,65,True,0
0.27,182,3,True,1
0.27,89,3,True,1
0.29,365,3,True,1
0.29,372,118,True,0
0.29,477,24,True,0
0.29,3,17,True,0
0.29,363,3,True,1
0.29,159,64,True,0
0.29,493,3,True,1
0.29,239,17,True,0
0.29,52,130,True,0
0.29,432,119,True,0
0.29,285,2,True,1
0.29,194,122,True,0
0.29,0,3,True,1
0.29,41,26,True,0
0.29,119,129,True,0
0.29,145,25,True,0
0.29,50,3,True,1
0.29,48,137,True,0
0.29,211,3,True,1
0.29,76,51,True,0
0.29,176,3,True,1
0.29,272,4,True,1
0.29,325,123,True,0
0.29,91,46,True,0
0.29,328,3,True,1
0.29,6,3,True,1
0.29,492,52,True,0
0.29,415,4,True,1
0.29,450,128,True,0
0.29,427,151,True,0
0.29,376,39,True,0
0.29,380,147,True,0
0.29,357,3,True,1
0.29,224,127,True,0
0.29,70,3,True,1
0.29,468,3,True,1
0.29,214,3,True,1
0.29,130,119,True,0
0.29,26,105,True,0
0.29,440,4,True,1
0.29,122,4,True,1
0.29,330,127,True,0
0.29,73,145,True,0
0.29,378,141,True,0
0.29,98,2,True,1
0.29,83,4,True,1
0.29,217,93,True,0
0.29,464,3,True,1
0.29,128,55,True,0
0.29,140,127,True,0
0.29,402,33,True,0
0.29,274,4,True,1
0.29,79,150,True,0
0.29,437,146,True,0
0.29,123,3,True,1
0.29,394,4,True,1
0.29,53,3,True,1
0.29,226,3,True,1
0.29,359,3,True,1
0.29,93,144,True,0
0.29,252,3,True,1
0.29,243,87,True,0
0.29,80,140,True,0
0.29,75,94,True,0
0.29,418,3,True,1
0.29,458,3,True,1
0.29,456,3,True,1
0.29,386,23,True,0
0.29,371,4,True,1
0.29,72,131,True,0
0.29,482,4,True,1
0.29,292,11,True,0
0.29,367,127,True,0
0.29,351,3,True,1
0.29,391,123,True,0
0.29,131,61,True,0
0.29,280,35,True,0
0.29,342,4,True,1
0.29,202,163,True,0
0.29,412,126,True,0
0.29,472,20,True,0
0.29,222,150,True,0
0.29,174,3,True,1
0.29,110,79,True,0
0.29,442,21,True,0
0.29,156,3,True,1
0.29,361,30,True,0
0.29,281,4,True,1
0.29,445,3,True,1
0.29,62,67,True,0
0.29,180,147,True,0
0.29,471,150,True,0
0.29,7,138,True,0
0.29,206,124,True,0
0.29,451,56,True,0
0.29,446,5,True,0
0.29,187,126,True,0
0.29,87,123,True,0
0.29,300,140,True,0
0.29,433,3,True,1
0.29,32,37,True,0
0.29,20,3,True,1
0.29,390,107,True,0
0.29,14,3,True,1
0.29,207,124,True,0
0.29,137,63,True,0
0.29,245,135,True,0
0.29,230,3,True,1
0.29,294,139,True,0
0.29,269,3,True,1
0.29,403,83,True,0
0.29,461,122,True,0
0.29,287,4,True,1
0.29,61,3,True,1
0.29,483,63,True,0
0.29,77,68,True,0
0.29,314,32,True,0
0.29,216,3,True,1
0.29,497,154,True,0
0.29,215,51,True,0
0.29,470,3,True,1
0.29,283,3,True,1
0.29,181,3,True,1
0.29,182,4,True,1
0.29,12,3,True,1
0.29,466,5,True,1
0.29,491,26,True,0
0.29,259,4,True,1
0.29,284,151,True,0
0.29,64,43,True,0
0.29,324,132,True,0
0.29,237,29,True,0
0.29,370,28,True,0
0.29,414,3,True,1
0.29,92,126,True,0
0.29,189,3,True,1
0.29,249,23,True,0
0.29,126,148,True,0
0.29,422,140,True,0
0.29,467,4,True,1
0.29,486,148,True,0
0.29,212,3,True,1
0.29,118,61,True,0
0.29,150,99,True,0
0.29,473,123,True,0
0.29,265,3,True,1
0.29,129,20,True,0
0.29,289,146,True,0
0.29,154,127,True,0
0.29,4,34,True,0
0.29,113,56,True,0
0.29,44,3,True,1
0.29,165,3,True,1
0.29,353,44,True,0
0.29,334,3,True,1
0.29,229,69,True,0
0.29,360,12,True,0
0.29,498,4,True,1
0.29,186,33,True,0
0.29,438,135,True,0
0.29,248,51,True,0
0.29,22,130,True,0
0.29,431,63,True,0
0.29,435,55,True,0
0.29,409,5,True,0
0.29,133,181,True,0
0.29,149,38,True,0
0.29,479,30,True,0
0.29,417,129,True,0
0.29,10,60,True,0
0.29,273,4,True,1
0.29,132,3,True,1
0.29,301,129,True,0
0.29,164,137,True,0
0.29,323,160,True,0
0.29,121,6,True,1
0.29,59,3,True,1
0.29,261,27,True,0
0.29,2,27,True,0
0.29,111,3,True,1
0.29,17,4,True,1
0.29,54,133,True,0
0.29,411,42,True,0
0.29,89,130,True,0
0.29,379,3,True,1
0.29,13,71,True,0
0.29,398,37,True,0
0.29,112,127,True,0
0.29,152,123,True,0
0.29,238,167,True,0
0.29,5,120,True,0
0.29,305,30,True,0
0.29,96,129,True,0
0.29,169,127,True,0
0.29,421,61,True,0
0.29,175,3,True,1
0.29,485,154,True,0
0.29,86,104,True,0
0.29,36,3,True,1
0.29,428,4,True,1
0.31,409,65,True,0
0.31,8,124,True,0
0.31,303,147,True,0
0.31,2,4,True,1
0.31,212,138,True,0
0.31,11,3,True,1
0.31,382,3,True,1
0.31,81,3,True,1
0.31,241,3,True,1
0.31,103,3,True,1
0.31,325,74,True,0
0.31,32,138,True,0
0.31,300,4,True,1
0.31,387,3,True,1
0.31,455,3,True,1
0.31,119,4,True,1
0.31,177,3,True,1
0.31,73,3,True,1
0.31,292,76,True,0
0.31,42,3,True,1
0.31,151,53,True,0
0.31,6,3,True,1
0.31,252,127,True,0
0.31,362,3,True,1
0.31,250,3,True,1
0.31,244,3,True,1
0.31,374,54,True,0
0.31,159,3,True,1
0.31,89,3,True,1
0.31,482,3,True,1
0.31,390,28,True,0
0.31,415,3,True,1
0.31,322,3,True,1
0.31,43,3,True,1
0.31,134,42,True,0
0.31,420,2,True,1
0.31,44,160,True,0
0.31,161,10,True,0
0.31,19,134,True,0
0.31,266,3,True,1
0.31,259,39,True,0
0.31,38,3,True,1
0.31,249,3,True,1
0.31,265,134,True,0
0.31,84,3,True,1
0.31,368,3,True,1
0.31,61,3,True,1
0.31,487,3,True,1
0.31,198,127,True,0
0.31,132,158,True,0
0.31,245,3,True,1
0.31,215,131,True,0
0.31,234,3,True,1
0.31,55,29,True,0
0.31,283,3,True,1
0.31,59,177,True,0
0.31,370,13,True,0
0.31,317,3,True,1
0.31,324,28,True,0
0.31,14,3,True,1
0.31,193,36,True,0
0.31,326,118,True,0
0.31,72,25,True,0
0.31,456,3,True,1
0.31,493,126,True,0
0.31,480,3,True,1
0.31,471,38,True,0
0.31,105,4,True,1
0.31,253,4,True,1
0.31,414,3,True,1
0.31,447,124,True,0
0.31,165,33,True,0
0.31,410,3,True,1
0.31,276,25,True,0
0.31,155,3,True,1
0.31,434,143,True,0
0.31,133,125,True,0
0.31,327,3,True,1
0.31,484,3,True,1
0.31,497,4,True,1
0.31,192,3,True,1
0.31,338,154,True,0
0.31,334,3,True,1
0.31,450,3,True,1
0.31,116,20,True,0
0.31,336,4,True,1
0.31,218,64,True,0
0.31,145,128,True,0
0.31,27,3,True,1
0.31,448,71,True,0
0.31,298,3,True,1
0.31,150,130,True,0
0.31,291,4,True,1
0.31,277,4,True,1
0.31,284,6,True,0
0.31,50,117,True,0
0.31,296,3,True,1
0.31,54,3,True,1
0.31,364,3,True,1
0.31,355,3,True,1
0.31,35,3,True,1
0.31,372,64,True,0
0.31,357,128,True,0
0.31,69,142,True,0
0.31,269,129,True,0
0.31,406,3,True,1
0.31,263,3,True,1
0.31,472,130,True,0
0.31,208,3,True,1
0.31,228,2,True,1
0.31,363,130,True,0
0.31,121,26,True,0
0.31,271,3,True,1
0.31,22,3,True,1
0.31,262,3,True,1
0.31,473,3,True,1
0.31,427,3,True,1
0.31,170,3,True,1
0.31,7,3,True,1
0.31,33,3,True,1
0.31,356,3,True,1
0.31,288,134,True,0
0.31,354,65,True,0
0.31,489,3,True,1
0.31,475,81,True,0
0.31,270,5,True,0
0.31,345,127,True,0
0.31,157,51,True,0
0.31,304,134,True,0
0.31,64,3,True,1
0.31,302,58,True,0
0.31,152,48,True,0
0.31,320,3,True,1
0.31,176,5,True,1
0.31,424,132,True,0
0.31,392,29,True,0
0.31,209,4,True,1
0.31,431,3,True,1
0.31,146,5,True,1
0.31,158,3,True,1
0.31,469,3,True,1
0.31,186,13,True,0
0.31,346,8,True,0
0.31,181,3,True,1
0.31,342,44,True,0
0.31,315,145,True,0
0.31,164,51,True,0
0.31,272,162,True,0
0.31,331,16,True,0
0.31,348,2,True,1
0.31,371,3,True,1
0.31,440,3,True,1
0.31,21,3,True,1
0.31,135,3,True,1
0.31,388,3,True,1
0.31,459,139,True,0
0.31,490,151,True,0
0.31,107,122,True,0
0.31,109,2,True,1
0.31,94,171,True,0
0.31,25,56,True,0
0.31,0,4,True,1
0.31,328,4,True,1
0.31,137,3,True,1
0.31,17,29,True,0
0.31,100,3,True,1
0.31,28,2,True,1
0.31,187,77,True,0
0.31,211,146,True,0
0.31,492,3,True,1
0.31,96,3,True,1
0.31,309,75,True,0
0.31,82,4,True,1
0.31,294,121,True,0
0.31,167,127,True,0
0.31,39,3,True,1
0.31,412,128,True,0
0.31,369,4,True,1
0.31,173,4,True,1
0.31,316,3,True,1
0.31,10,3,True,1
0.31,179,35,True,0
0.31,126,5,True,1
0.31,178,46,True,0
0.31,47,3,True,1
0.31,248,3,True,1
0.31,381,3,True,1
0.31,365,4,True,1
0.31,399,3,True,1
0.31,67,55,True,0
0.31,443,4,True,0
0.31,118,26,True,0
0.31,242,27,True,0
0.31,106,3,True,1
0.31,446,3,True,1
0.31,411,5,True,0
0.31,285,66,True,0
0.31,207,155,True,0
0.31,419,3,True,1
0.31,422,121,True,0
0.33,26,3,True,1
0.33,340,3,True,1
0.33,273,3,True,1
0.33,486,3,True,1
0.33,51,129,True,0
0.33,440,3,True,1
0.33,175,49,True,0
0.33,478,2,True,1
0.33,200,4,True,1
0.33,378,2,True,1
0.33,69,3,True,1
0.33,499,4,True,1
0.33,408,25,True,0
0.33,272,4,True,1
0.33,54,3,True,1
0.33,430,3,True,1
0.33,207,4,True,1
0.33,106,3,True,1
0.33,13,4,True,1
0.33,198,3,True,1
0.33,493,3,True,1
0.33,65,3,True,1
0.33,5,16,True,0
0.33,363,3,True,1
0.33,470,144,True,0
0.33,375,4,True,1
0.33,40,3,True,1
0.33,309,4,True,1
0.33,310,4,True,1
0.33,444,3,True,1
0.33,404,19,True,0
0.33,483,3,True,1
0.33,124,3,True,1
0.33,145,4,True,1
0.33,392,4,True,0
0.33,104,44,True,0
0.33,56,161,True,0
0.33,469,3,True,1
0.33,343,2,True,1
0.33,334,122,True,0
0.33,259,4,True,1
0.33,29,3,True,1
0.33,418,3,True,1
0.33,407,3,True,1
0.33,96,3,True,1
0.33,179,3,True,1
0.33,186,4,True,1
0.33,132,3,True,1
0.33,71,3,True,1
0.33,190,3,True,1
0.33,173,4,True,1
0.33,362,3,True,1
0.33,181,3,True,1
0.33,213,131,True,0
0.33,348,3,True,1
0.33,370,3,True,1
0.33,495,3,True,1
0.33,269,3,True,1
0.33,148,4,True,1
0.33,136,3,True,1
0.33,24,3,True,1
0.33,157,3,True,1
0.33,482,3,True,1
0.33,170,3,True,1
0.33,126,3,True,1
0.33,174,16,True,0
0.33,77,3,True,1
0.33,333,3,True,1
0.33,68,3,True,1
0.33,72,3,True,1
0.33,498,3,True,1
0.33,95,117,True,0
0.33,123,3,True,1
0.33,209,3,True,1
0.33,356,3,True,1
0.33,281,3,True,1
0.33,280,2,True,1
0.33,437,3,True,1
0.33,442,3,True,1
0.33,461,150,True,0
0.33,402,3,True,1
0.33,302,3,True,1
0.33,109,5,True,0
0.33,308,124,True,0
0.33,393,4,True,1
0.33,222,4,True,1
0.33,270,3,True,1
0.33,168,3,True,1
0.33,91,2,True,1
0.33,31,66,True,0
0.33,1,4,True,0
0.33,450,3,True,1
0.33,432,3,True,1
0.33,76,3,True,1
0.33,346,3,True,1
0.33,424,3,True,1
0.33,55,3,True,1
0.33,287,3,True,1
0.33,298,3,True,1
0.33,448,132,True,0
0.33,58,52,True,0
0.33,225,4,True,1
0.33,20,3,True,1
0.33,456,3,True,1
0.33,221,3,True,1
0.33,120,3,True,1
0.33,80,28,True,0
0.33,401,27,True,0
0.33,84,3,True,1
0.33,337,3,True,1
0.33,19,3,True,1
0.33,258,3,True,1
0.33,67,2,True,1
0.33,196,26,True,0
0.33,290,2,True,1
0.33,154,3,True,1
0.33,41,63,True,0
0.33,10,3,True,1
0.33,476,3,True,1
0.33,355,136,True,0
0.33,211,3,True,1
0.33,255,3,True,1
0.33,226,4,True,1
0.33,303,3,True,1
0.33,295,3,True,1
0.33,4,4,True,1
0.33,9,3,True,1
0.33,133,4,True,0
0.33,241,3,True,1
0.33,161,104,True,0
0.33,257,3,True,1
0.33,301,131,True,0
0.33,66,150,True,0
0.33,130,3,True,1
0.33,129,3,True,1
0.33,36,3,True,1
0.33,388,3,True,1
0.33,70,3,True,1
0.33,219,3,True,1
0.33,285,3,True,1
0.33,88,3,True,1
0.33,282,3,True,1
0.33,307,4,True,1
0.33,140,3,True,1
0.33,97,3,True,1
0.33,22,3,True,1
0.33,18,4,True,1
0.33,158,4,True,1
0.33,111,3,True,1
0.33,232,3,True,1
0.33,201,3,True,1
0.33,223,131,True,0
0.33,326,3,True,1
0.33,358,3,True,1
0.33,59,3,True,1
0.33,23,57,True,0
0.33,311,3,True,1
0.33,279,3,True,1
0.33,135,3,True,1
0.33,446,3,True,1
0.33,304,132,True,0
0.33,414,120,True,0
0.33,305,3,True,1
0.33,193,120,True,0
0.33,115,4,True,1
0.33,353,3,True,1
0.33,319,3,True,1
0.33,216,65,True,0
0.33,50,3,True,1
0.33,256,3,True,1
0.33,94,4,True,1
0.33,399,3,True,1
0.33,44,2,True,1
0.33,27,41,True,0
0.33,37,3,True,1
0.33,345,3,True,1
0.33,114,12,True,0
0.33,416,3,True,1
0.33,415,59,True,0
0.33,64,36,True,0
0.33,361,3,True,1
0.33,99,2,True,1
0.33,167,54,True,0
0.33,6,3,True,1
0.33,217,3,True,1
0.33,487,130,True,0
0.33,7,3,True,1
0.33,397,3,True,1
0.33,194,3,True,1
0.33,492,122,True,0
0.33,379,131,True,0
0.33,328,29,True,0
0.33,237,3,True,1
0.33,139,3,True,1
0.33,443,2,True,1
0.33,32,150,True,0
0.33,231,3,True,1
0.33,227,47,True,0
0.33,472,118,True,0
0.33,261,3,True,1
0.35,240,3,True,1
0.35,411,3,True,1
0.35,42,3,True,1
0.35,265,22,True,0
0.35,72,3,True,1
0.35,51,3,True,1
0.35,346,2,True,1
0.35,254,3,True,1
0.35,268,2,True,1
0.35,161,3,True,1
0.35,208,3,True,1
0.35,468,3,True,1
0.35,293,3,True,1
0.35,62,3,True,1
0.35,280,131,True,0
0.35,381,3,True,1
0.35,64,103,True,0
0.35,232,2,True,1
0.35,367,3,True,1
0.35,252,3,True,1
0.35,142,3,True,1
0.35,276,3,True,1
0.35,187,2,True,1
0.35,100,3,True,1
0.35,476,3,True,1
0.35,459,3,True,1
0.35,173,2,True,1
0.35,454,3,True,1
0.35,447,2,True,1
0.35,359,35,True,0
0.35,58,3,True,1
0.35,291,2,True,1
0.35,83,127,True,0
0.35,224,3,True,1
0.35,372,56,True,0
0.35,191,2,True,1
0.35,354,3,True,1
0.35,403,3,True,1
0.35,71,3,True,1
0.35,33,3,True,1
0.35,102,4,True,1
0.35,387,3,True,1
0.35,206,3,True,1
0.35,340,3,True,1
0.35,17,6,True,0
0.35,345,4,True,1
0.35,310,3,True,1
0.35,67,3,True,1
0.35,28,3,True,1
0.35,122,3,True,1
0.35,499,3,True,1
0.35,314,59,True,0
0.35,453,157,True,0
0.35,56,3,True,1
0.35,421,3,True,1
0.35,425,3,True,1
0.35,431,2,True,1
0.35,357,3,True,1
0.35,396,4,True,1
0.35,317,3,True,1
0.35,284,3,True,1
0.35,86,3,True,1
0.35,423,4,True,1
0.35,160,2,True,1
0.35,18,3,True,1
0.35,32,3,True,1
0.35,322,6,True,1
0.35,190,3,True,1
0.35,419,3,True,1
0.35,164,3,True,1
0.35,75,3,True,1
0.35,391,2,True,1
0.35,65,3,True,1
0.35,480,3,True,1
0.35,374,3,True,1
0.35,52,3,True,1
0.35,257,2,True,1
0.35,94,119,True,0
0.35,66,2,True,1
0.35,13,3,True,1
0.35,398,3,True,1
0.35,316,3,True,1
0.35,14,2,True,1
0.35,281,3,True,1
0.35,201,2,True,1
0.35,152,3,True,1
0.35,471,3,True,1
0.35,473,3,True,1
0.35,432,3,True,1
0.35,98,3,True,1
0.35,212,3,True,1
0.35,210,3,True,1
0.35,324,3,True,1
0.35,361,4,True,1
0.35,149,3,True,1
0.35,312,3,True,1
0.35,448,3,True,1
0.35,48,3,True,1
0.35,30,3,True,1
0.35,308,3,True,1
0.35,116,3,True,1
0.35,202,2,True,1
0.35,486,146,True,0
0.35,147,3,True,1
0.35,136,3,True,1
0.35,78,129,True,0
0.35,285,3,True,1
0.35,39,60,True,0
0.35,262,3,True,1
0.35,458,3,True,1
0.35,181,3,True,1
0.35,76,3,True,1
0.35,111,3,True,1
0.35,189,3,True,1
0.35,37,118,True,0
0.35,241,135,True,0
0.35,188,3,True,1
0.35,21,3,True,1
0.35,369,3,True,1
0.35,5,3,True,1
0.35,309,2,True,1
0.35,379,3,True,1
0.35,277,3,True,1
0.35,350,3,True,1
0.35,123,4,True,1
0.35,184,3,True,1
0.35,81,3,True,1
0.35,455,124,True,0
0.35,467,3,True,1
0.35,477,3,True,1
0.35,57,55,True,0
0.35,497,60,True,0
0.35,11,3,True,1
0.35,489,3,True,1
0.35,488,3,True,1
0.35,407,3,True,1
0.35,46,9,True,0
0.35,306,4,True,1
0.35,12,3,True,1
0.35,373,3,True,1
0.35,185,3,True,1
0.35,233,3,True,1
0.35,290,4,True,1
0.35,171,2,True,1
0.35,330,6,True,1
0.35,465,141,True,0
0.35,73,3,True,1
0.35,274,4,True,1
0.35,491,2,True,1
0.35,235,4,True,1
0.35,343,3,True,1
0.35,416,3,True,1
0.35,141,3,True,1
0.35,211,3,True,1
0.35,55,3,True,1
0.35,61,3,True,1
0.35,15,3,True,1
0.35,87,3,True,1
0.35,126,3,True,1
0.35,60,121,True,0
0.35,248,120,True,0
0.35,244,3,True,1
0.35,23,3,True,1
0.35,239,2,True,1
0.35,344,3,True,1
0.35,282,2,True,1
0.35,106,3,True,1
0.35,253,3,True,1
0.35,135,132,True,0
0.35,159,3,True,1
0.35,485,2,True,1
0.35,119,3,True,1
0.35,389,3,True,1
0.35,77,3,True,1
0.35,422,3,True,1
0.35,275,3,True,1
0.35,197,2,True,1
0.35,125,3,True,1
0.35,143,3,True,1
0.35,103,3,True,1
0.35,96,3,True,1
0.35,484,3,True,1
0.35,353,3,True,1
0.35,205,3,True,1
0.35,127,4,True,1
0.35,375,3,True,1
0.35,250,3,True,1
0.35,199,3,True,1
0.35,349,3,True,1
0.35,405,3,True,1
0.35,242,3,True,1
0.35,231,3,True,1
0.35,91,45,True,0
0.35,40,3,True,1
0.35,338,2,True,1
0.35,229,3,True,1
0.35,481,2,True,1
0.35,144,3,True,1
0.35,301,3,True,1
0.35,138,3,True,1
0.37,354,3,True,1
0.37,496,3,True,1
0.37,318,142,True,0
0.37,248,2,True,1
0.37,346,2,True,1
0.37,99,4,True,1
0.37,414,2,True,1
0.37,362,3,True,1
0.37,201,3,True,1
0.37,68,3,True,1
0.37,423,2,True,1
0.37,435,4,True,1
0.37,458,3,True,1
0.37,310,3,True,1
0.37,102,3,True,1
0.37,58,3,True,1
0.37,63,3,True,1
0.37,327,3,True,1
0.37,479,2,True,1
0.37,347,3,True,1
0.37,336,2,True,1
0.37,52,3,True,1
0.37,190,3,True,1
0.37,461,2,True,1
0.37,297,3,True,1
0.37,299,3,True,1
0.37,241,3,True,1
0.37,406,3,True,1
0.37,312,2,True,1
0.37,199,3,True,1
0.37,323,2,True,1
0.37,103,2,True,1
0.37,268,3,True,1
0.37,9,3,True,1
0.37,261,3,True,1
0.37,467,3,True,1
0.37,218,3,True,1
0.37,151,3,True,1
0.37,30,2,True,1
0.37,275,2,True,1
0.37,89,4,True,1
0.37,114,3,True,1
0.37,228,3,True,1
0.37,287,3,True,1
0.37,12,3,True,1
0.37,364,3,True,1
0.37,358,3,True,1
0.37,389,3,True,1
0.37,19,2,True,1
0.37,463,2,True,1
0.37,78,3,True,1
0.37,215,158,True,0
0.37,169,3,True,1
0.37,450,2,True,1
0.37,253,2,True,1
0.37,48,3,True,1
0.37,111,3,True,1
0.37,156,2,True,1
0.37,57,3,True,1
0.37,79,3,True,1
0.37,260,2,True,1
0.37,331,2,True,1
0.37,97,3,True,1
0.37,46,20,True,0
0.37,405,2,True,1
0.37,349,3,True,1
0.37,438,2,True,1
0.37,232,2,True,1
0.37,385,3,True,1
0.37,26,2,True,1
0.37,94,3,True,1
0.37,352,3,True,1
0.37,101,3,True,1
0.37,417,3,True,1
0.37,416,3,True,1
0.37,166,3,True,1
0.37,345,3,True,1
0.37,342,2,True,1
0.37,133,3,True,1
0.37,256,3,True,1
0.37,62,3,True,1
0.37,176,3,True,1
0.37,141,3,True,1
0.37,400,3,True,1
0.37,404,4,True,1
0.37,90,3,True,1
0.37,17,2,True,1
0.37,96,3,True,1
0.37,82,3,True,1
0.37,145,2,True,1
0.37,365,3,True,1
0.37,412,3,True,1
0.37,322,4,True,1
0.37,397,2,True,1
0.37,300,3,True,1
0.37,490,3,True,1
0.37,445,2,True,1
0.37,21,3,True,1
0.37,128,2,True,1
0.37,194,3,True,1
0.37,424,2,True,1
0.37,430,3,True,1
0.37,285,3,True,1
0.37,39,3,True,1
0.37,434,4,True,1
0.37,257,3,True,1
0.37,223,3,True,1
0.37,84,3,True,1
0.37,196,3,True,1
0.37,81,3,True,1
0.37,49,3,True,1
0.37,162,3,True,1
0.37,3,3,True,1
0.37,165,3,True,1
0.37,375,3,True,1
0.37,55,3,True,1
0.37,200,2,True,1
0.37,27,2,True,1
0.37,337,3,True,1
0.37,486,2,True,1
0.37,183,3,True,1
0.37,131,3,True,1
0.37,73,3,True,1
0.37,104,3,True,1
0.37,272,3,True,1
0.37,43,3,True,1
0.37,247,3,True,1
0.37,296,3,True,1
0.37,38,3,True,1
0.37,330,3,True,1
0.37,293,3,True,1
0.37,267,35,True,0
0.37,470,2,True,1
0.37,432,3,True,1
0.37,301,3,True,1
0.37,14,5,True,1
0.37,50,3,True,1
0.37,11,3,True,1
0.37,116,3,True,1
0.37,164,3,True,1
0.37,305,3,True,1
0.37,294,124,True,0
0.37,265,40,True,0
0.37,415,4,True,1
0.37,429,2,True,1
0.37,217,14,True,0
0.37,220,3,True,1
0.37,8,3,True,1
0.37,436,2,True,1
0.37,13,2,True,1
0.37,251,4,True,1
0.37,129,3,True,1
0.37,344,126,True,0
0.37,195,3,True,1
0.37,243,3,True,1
0.37,492,2,True,1
0.37,374,2,True,1
0.37,240,3,True,1
0.37,40,3,True,1
0.37,388,4,True,1
0.37,484,3,True,1
0.37,160,172,True,0
0.37,282,3,True,1
0.37,408,3,True,1
0.37,468,2,True,1
0.37,109,2,True,1
0.37,276,3,True,1
0.37,290,3,True,1
0.37,202,3,True,1
0.37,390,3,True,1
0.37,447,3,True,1
0.37,313,131,True,0
0.37,387,38,True,0
0.37,36,3,True,1
0.37,403,3,True,1
0.37,488,3,True,1
0.37,174,3,True,1
0.37,77,3,True,1
0.37,69,3,True,1
0.37,262,3,True,1
0.37,426,3,True,1
0.37,163,3,True,1
0.37,136,3,True,1
0.37,356,2,True,1
0.37,32,2,True,1
0.37,113,2,True,1
0.37,229,3,True,1
0.37,255,2,True,1
0.37,425,2,True,1
0.37,186,3,True,1
0.37,393,4,True,1
0.37,366,3,True,1
0.37,123,4,True,1
0.37,273,3,True,1
0.37,411,3,True,1
0.37,72,3,True,1
0.37,472,3,True,1
0.37,213,3,True,1
0.37,428,3,True,1
0.37,33,3,True,1
0.39,459,3,True,1
0.39,4,3,True,1
0.39,85,3,True,1
0.39,209,2,True,1
0.39,195,3,True,1
0.39,234,3,True,1
0.39,466,3,True,1
0.39,476,2,True,1
0.39,323,2,True,1
0.39,363,3,True,1
0.39,87,3,True,1
0.39,177,2,True,1
0.39,88,2,True,1
0.39,286,3,True,1
0.39,350,2,True,1
0.39,411,2,True,1
0.39,301,2,True,1
0.39,373,2,True,1
0.39,273,2,True,1
0.39,254,2,True,1
0.39,182,3,True,1
0.39,183,3,True,1
0.39,302,3,True,1
0.39,290,2,True,1
0.39,371,2,True,1
0.39,275,2,True,1
0.39,117,3,True,1
0.39,365,3,True,1
0.39,184,2,True,1
0.39,442,3,True,1
0.39,139,3,True,1
0.39,288,3,True,1
0.39,217,3,True,1
0.39,469,3,True,1
0.39,233,2,True,1
0.39,306,3,True,1
0.39,3,3,True,1
0.39,16,2,True,1
0.39,203,3,True,1
0.39,366,3,True,1
0.39,173,3,True,1
0.39,341,2,True,1
0.39,133,3,True,1
0.39,380,2,True,1
0.39,461,2,True,1
0.39,415,2,True,1
0.39,386,3,True,1
0.39,219,3,True,1
0.39,358,3,True,1
0.39,493,3,True,1
0.39,428,2,True,1
0.39,307,2,True,1
0.39,495,3,True,1
0.39,354,2,True,1
0.39,179,2,True,1
0.39,202,2,True,1
0.39,90,3,True,1
0.39,157,3,True,1
0.39,449,3,True,1
0.39,433,3,True,1
0.39,308,3,True,1
0.39,178,2,True,1
0.39,342,3,True,1
0.39,229,3,True,1
0.39,356,3,True,1
0.39,2,2,True,1
0.39,261,3,True,1
0.39,150,3,True,1
0.39,10,2,True,1
0.39,494,2,True,1
0.39,145,3,True,1
0.39,383,2,True,1
0.39,472,3,True,1
0.39,385,3,True,1
0.39,484,3,True,1
0.39,240,2,True,1
0.39,92,3,True,1
0.39,389,3,True,1
0.39,215,3,True,1
0.39,377,3,True,1
0.39,300,3,True,1
0.39,69,3,True,1
0.39,480,3,True,1
0.39,34,3,True,1
0.39,339,2,True,1
0.39,23,3,True,1
0.39,24,2,True,1
0.39,467,2,True,1
0.39,22,2,True,1
0.39,477,3,True,1
0.39,331,2,True,1
0.39,499,2,True,1
0.39,441,2,True,1
0.39,84,2,True,1
0.39,311,3,True,1
0.39,189,4,True,1
0.39,491,2,True,1
0.39,192,3,True,1
0.39,59,3,True,1
0.39,99,2,True,1
0.39,78,3,True,1
0.39,97,3,True,1
0.39,496,2,True,1
0.39,81,3,True,1
0.39,153,2,True,1
0.39,49,3,True,1
0.39,126,3,True,1
0.39,7,3,True,1
0.39,332,2,True,1
0.39,39,2,True,1
0.39,71,3,True,1
0.39,277,2,True,1
0.39,106,3,True,1
0.39,486,3,True,1
0.39,447,3,True,1
0.39,303,3,True,1
0.39,443,2,True,1
0.39,163,2,True,1
0.39,393,2,True,1
0.39,25,3,True,1
0.39,41,2,True,1
0.39,52,3,True,1
0.39,492,2,True,1
0.39,102,3,True,1
0.39,118,2,True,1
0.39,450,3,True,1
0.39,468,2,True,1
0.39,318,2,True,1
0.39,305,2,True,1
0.39,56,3,True,1
0.39,406,3,True,1
0.39,134,3,True,1
0.39,253,3,True,1
0.39,359,2,True,1
0.39,237,3,True,1
0.39,299,3,True,1
0.39,257,3,True,1
0.39,57,2,True,1
0.39,127,2,True,1
0.39,264,3,True,1
0.39,474,2,True,1
0.39,31,3,True,1
0.39,42,3,True,1
0.39,357,2,True,1
0.39,194,2,True,1
0.39,367,3,True,1
0.39,372,3,True,1
0.39,15,2,True,1
0.39,432,3,True,1
0.39,312,3,True,1
0.39,155,3,True,1
0.39,352,2,True,1
0.39,53,2,True,1
0.39,322,3,True,1
0.39,27,2,True,1
0.39,381,3,True,1
0.39,338,2,True,1
0.39,108,3,True,1
0.39,82,3,True,1
0.39,93,3,True,1
0.39,416,3,True,1
0.39,201,4,True,1
0.39,198,2,True,1
0.39,435,3,True,1
0.39,222,3,True,1
0.39,9,2,True,1
0.39,48,2,True,1
0.39,167,2,True,1
0.39,232,3,True,1
0.39,368,3,True,1
0.39,282,3,True,1
0.39,246,2,True,1
0.39,159,2,True,1
0.39,123,2,True,1
0.39,216,2,True,1
0.39,291,2,True,1
0.39,270,3,True,1
0.39,104,2,True,1
0.39,168,4,True,1
0.39,360,3,True,1
0.39,244,2,True,1
0.39,374,2,True,1
0.39,61,4,True,1
0.39,221,3,True,1
0.39,251,3,True,1
0.39,481,3,True,1
0.39,250,3,True,1
0.39,121,3,True,1
0.39,55,2,True,1
0.39,391,3,True,1
0.39,122,3,True,1
0.39,498,3,True,1
0.39,197,2,True,1
0.39,231,2,True,1
0.39,292,3,True,1
0.39,260,2,True,1
0.39,70,3,True,1
0.39,190,2,True,1
0.39,175,3,True,1
0.39,453,3,True,1
0.41,188,2,True,1
0.41,371,2,True,1
0.41,94,3,True,1
0.41,353,2,True,1
0.41,219,3,True,1
0.41,461,3,True,1
0.41,135,3,True,1
0.41,292,3,True,1
0.41,480,2,True,1
0.41,266,2,True,1
0.41,3,2,True,1
0.41,213,2,True,1
0.41,206,3,True,1
0.41,13,3,True,1
0.41,48,3,True,1
0.41,93,2,True,1
0.41,433,3,True,1
0.41,86,2,True,1
0.41,417,3,True,1
0.41,144,3,True,1
0.41,477,3,True,1
0.41,345,3,True,1
0.41,314,3,True,1
0.41,348,2,True,1
0.41,451,2,True,1
0.41,60,3,True,1
0.41,356,2,True,1
0.41,402,3,True,1
0.41,335,2,True,1
0.41,494,2,True,1
0.41,465,2,True,1
0.41,317,3,True,1
0.41,424,3,True,1
0.41,373,2,True,1
0.41,201,3,True,1
0.41,403,3,True,1
0.41,105,2,True,1
0.41,158,3,True,1
0.41,389,2,True,1
0.41,341,3,True,1
0.41,498,3,True,1
0.41,186,3,True,1
0.41,401,2,True,1
0.41,369,2,True,1
0.41,302,3,True,1
0.41,136,3,True,1
0.41,180,2,True,1
0.41,324,3,True,1
0.41,157,3,True,1
0.41,259,3,True,1
0.41,347,2,True,1
0.41,397,2,True,1
0.41,95,3,True,1
0.41,57,3,True,1
0.41,182,2,True,1
0.41,490,2,True,1
0.41,368,3,True,1
0.41,387,2,True,1
0.41,484,3,True,1
0.41,441,3,True,1
0.41,108,2,True,1
0.41,97,3,True,1
0.41,364,2,True,1
0.41,178,3,True,1
0.41,422,2,True,1
0.41,92,3,True,1
0.41,426,3,True,1
0.41,66,2,True,1
0.41,265,3,True,1
0.41,118,2,True,1
0.41,204,3,True,1
0.41,278,3,True,1
0.41,181,3,True,1
0.41,276,2,True,1
0.41,354,4,True,1
0.41,145,3,True,1
0.41,87,3,True,1
0.41,183,2,True,1
0.41,212,3,True,1
0.41,52,3,True,1
0.41,307,3,True,1
0.41,312,2,True,1
0.41,413,3,True,1
0.41,309,2,True,1
0.41,499,2,True,1
0.41,81,3,True,1
0.41,19,3,True,1
0.41,132,2,True,1
0.41,293,3,True,1
0.41,125,2,True,1
0.41,366,2,True,1
0.41,359,3,True,1
0.41,44,3,True,1
0.41,321,2,True,1
0.41,45,2,True,1
0.41,437,2,True,1
0.41,12,3,True,1
0.41,110,2,True,1
0.41,467,2,True,1
0.41,119,3,True,1
0.41,273,3,True,1
0.41,330,2,True,1
0.41,172,3,True,1
0.41,39,3,True,1
0.41,131,2,True,1
0.41,25,2,True,1
0.41,198,3,True,1
0.41,290,2,True,1
0.41,295,3,True,1
0.41,29,2,True,1
0.41,431,2,True,1
0.41,310,3,True,1
0.41,146,2,True,1
0.41,377,2,True,1
0.41,291,2,True,1
0.41,222,3,True,1
0.41,325,2,True,1
0.41,98,2,True,1
0.41,395,2,True,1
0.41,4,3,True,1
0.41,193,3,True,1
0.41,114,2,True,1
0.41,263,3,True,1
0.41,41,3,True,1
0.41,20,3,True,1
0.41,448,3,True,1
0.41,197,2,True,1
0.41,440,2,True,1
0.41,468,2,True,1
0.41,436,2,True,1
0.41,214,2,True,1
0.41,35,3,True,1
0.41,386,2,True,1
0.41,113,2,True,1
0.41,72,3,True,1
0.41,90,2,True,1
0.41,79,2,True,1
0.41,432,3,True,1
0.41,452,2,True,1
0.41,420,3,True,1
0.41,220,2,True,1
0.41,199,2,True,1
0.41,69,2,True,1
0.41,40,2,True,1
0.41,427,3,True,1
0.41,383,69,True,0
0.41,128,3,True,1
0.41,339,3,True,1
0.41,485,3,True,1
0.41,252,3,True,1
0.41,439,2,True,1
0.41,203,2,True,1
0.41,43,3,True,1
0.41,195,3,True,1
0.41,122,32,True,0
0.41,121,3,True,1
0.41,449,3,True,1
0.41,298,3,True,1
0.41,392,3,True,1
0.41,123,3,True,1
0.41,351,3,True,1
0.41,218,3,True,1
0.41,171,2,True,1
0.41,139,2,True,1
0.41,262,2,True,1
0.41,360,3,True,1
0.41,104,2,True,1
0.41,65,3,True,1
0.41,385,2,True,1
0.41,306,3,True,1
0.41,458,2,True,1
0.41,227,2,True,1
0.41,31,3,True,1
0.41,299,3,True,1
0.41,2,3,True,1
0.41,230,2,True,1
0.41,287,2,True,1
0.41,42,3,True,1
0.41,50,2,True,1
0.41,9,3,True,1
0.41,362,3,True,1
0.41,215,3,True,1
0.41,14,3,True,1
0.41,130,2,True,1
0.41,247,3,True,1
0.41,63,2,True,1
0.41,365,3,True,1
0.41,391,3,True,1
0.41,459,2,True,1
0.41,254,3,True,1
0.41,464,3,True,1
0.41,342,2,True,1
0.41,267,2,True,1
0.41,0,3,True,1
0.41,445,2,True,1
0.41,152,3,True,1
0.41,343,2,True,1
0.41,216,2,True,1
0.41,315,3,True,1
0.41,15,3,True,1
0.43,316,2,True,1
0.43,226,2,True,1
0.43,184,3,True,1
0.43,383,2,True,1
0.43,418,3,True,1
0.43,479,2,True,1
0.43,231,3,True,1
0.43,4,2,True,1
0.43,492,2,True,1
0.43,41,3,True,1
0.43,310,2,True,1
0.43,189,3,True,1
0.43,145,3,True,1
0.43,337,2,True,1
0.43,273,3,True,1
0.43,197,2,True,1
0.43,431,2,True,1
0.43,65,2,True,1
0.43,390,2,True,1
0.43,134,2,True,1
0.43,7,3,True,1
0.43,77,2,True,1
0.43,374,2,True,1
0.43,368,2,True,1
0.43,113,2,True,1
0.43,307,2,True,1
0.43,186,2,True,1
0.43,121,2,True,1
0.43,441,2,True,1
0.43,232,2,True,1
0.43,429,2,True,1
0.43,303,2,True,1
0.43,220,2,True,1
0.43,135,2,True,1
0.43,482,2,True,1
0.43,266,3,True,1
0.43,75,2,True,1
0.43,491,2,True,1
0.43,187,2,True,1
0.43,325,2,True,1
0.43,487,2,True,1
0.43,458,2,True,1
0.43,471,3,True,1
0.43,67,2,True,1
0.43,440,2,True,1
0.43,172,2,True,1
0.43,373,2,True,1
0.43,397,2,True,1
0.43,244,3,True,1
0.43,164,2,True,1
0.43,486,2,True,1
0.43,103,3,True,1
0.43,92,2,True,1
0.43,401,2,True,1
0.43,18,3,True,1
0.43,318,2,True,1
0.43,151,2,True,1
0.43,488,2,True,1
0.43,400,2,True,1
0.43,28,2,True,1
0.43,27,2,True,1
0.43,97,3,True,1
0.43,331,2,True,1
0.43,499,2,True,1
0.43,105,3,True,1
0.43,404,3,True,1
0.43,389,3,True,1
0.43,385,2,True,1
0.43,37,2,True,1
0.43,296,3,True,1
0.43,409,2,True,1
0.43,378,2,True,1
0.43,433,2,True,1
0.43,159,3,True,1
0.43,181,2,True,1
0.43,198,2,True,1
0.43,380,2,True,1
0.43,54,2,True,1
0.43,55,3,True,1
0.43,132,2,True,1
0.43,453,3,True,1
0.43,178,3,True,1
0.43,353,2,True,1
0.43,447,3,True,1
0.43,84,2,True,1
0.43,267,3,True,1
0.43,162,2,True,1
0.43,306,3,True,1
0.43,127,3,True,1
0.43,20,2,True,1
0.43,402,3,True,1
0.43,463,3,True,1
0.43,61,2,True,1
0.43,81,3,True,1
0.43,495,2,True,1
0.43,82,2,True,1
0.43,13,2,True,1
0.43,35,2,True,1
0.43,437,2,True,1
0.43,423,2,True,1
0.43,278,2,True,1
0.43,257,2,True,1
0.43,347,2,True,1
0.43,123,3,True,1
0.43,260,2,True,1
0.43,150,2,True,1
0.43,466,2,True,1
0.43,211,2,True,1
0.43,21,2,True,1
0.43,292,3,True,1
0.43,289,2,True,1
0.43,214,2,True,1
0.43,190,2,True,1
0.43,382,3,True,1
0.43,339,2,True,1
0.43,153,2,True,1
0.43,480,2,True,1
0.43,290,2,True,1
0.43,255,2,True,1
0.43,38,3,True,1
0.43,358,3,True,1
0.43,53,2,True,1
0.43,456,3,True,1
0.43,106,2,True,1
0.43,398,2,True,1
0.43,87,2,True,1
0.43,83,3,True,1
0.43,419,2,True,1
0.43,31,2,True,1
0.43,428,3,True,1
0.43,24,2,True,1
0.43,52,2,True,1
0.43,212,2,True,1
0.43,129,2,True,1
0.43,346,2,True,1
0.43,473,3,True,1
0.43,2,2,True,1
0.43,360,2,True,1
0.43,199,2,True,1
0.43,362,2,True,1
0.43,5,2,True,1
0.43,436,2,True,1
0.43,241,2,True,1
0.43,446,2,True,1
0.43,68,3,True,1
0.43,288,3,True,1
0.43,17,3,True,1
0.43,263,2,True,1
0.43,247,2,True,1
0.43,365,2,True,1
0.43,228,2,True,1
0.43,253,2,True,1
0.43,312,2,True,1
0.43,451,2,True,1
0.43,125,3,True,1
0.43,459,2,True,1
0.43,272,2,True,1
0.43,393,2,True,1
0.43,209,2,True,1
0.43,350,2,True,1
0.43,498,3,True,1
0.43,109,2,True,1
0.43,221,2,True,1
0.43,344,3,True,1
0.43,98,3,True,1
0.43,100,2,True,1
0.43,120,2,True,1
0.43,412,3,True,1
0.43,469,2,True,1
0.43,285,2,True,1
0.43,313,2,True,1
0.43,460,2,True,1
0.43,392,2,True,1
0.43,455,3,True,1
0.43,340,3,True,1
0.43,375,3,True,1
0.43,342,2,True,1
0.43,192,3,True,1
0.43,330,2,True,1
0.43,59,2,True,1
0.43,46,3,True,1
0.43,284,2,True,1
0.43,422,2,True,1
0.43,155,3,True,1
0.43,170,2,True,1
0.43,216,2,True,1
0.43,468,2,True,1
0.43,405,2,True,1
0.43,130,3,True,1
0.43,8,2,True,1
0.43,357,2,True,1
0.43,467,3,True,1
0.43,334,3,True,1
0.43,376,2,True,1
0.43,204,2,True,1
0.43,321,3,True,1
0.43,275,2,True,1
0.43,262,2,True,1
0.43,408,2,True,1
0.43,333,2,True,1
0.45,310,2,True,1
0.45,18,2,True,1
0.45,160,2,True,1
0.45,209,2,True,1
0.45,237,2,True,1
0.45,97,3,True,1
0.45,201,2,True,1
0.45,349,2,True,1
0.45,96,3,True,1
0.45,411,2,True,1
0.45,244,2,True,1
0.45,312,2,True,1
0.45,197,2,True,1
0.45,474,2,True,1
0.45,136,3,True,1
0.45,126,2,True,1
0.45,259,2,True,1
0.45,287,2,True,1
0.45,37,3,True,1
0.45,45,2,True,1
0.45,380,2,True,1
0.45,165,2,True,1
0.45,404,2,True,1
0.45,83,3,True,1
0.45,262,2,True,1
0.45,358,2,True,1
0.45,66,2,True,1
0.45,246,3,True,1
0.45,208,2,True,1
0.45,42,2,True,1
0.45,421,3,True,1
0.45,266,2,True,1
0.45,405,2,True,1
0.45,145,3,True,1
0.45,309,2,True,1
0.45,280,3,True,1
0.45,454,2,True,1
0.45,9,2,True,1
0.45,53,2,True,1
0.45,40,2,True,1
0.45,341,3,True,1
0.45,87,2,True,1
0.45,293,3,True,1
0.45,320,2,True,1
0.45,410,2,True,1
0.45,407,2,True,1
0.45,223,2,True,1
0.45,254,2,True,1
0.45,468,2,True,1
0.45,478,2,True,1
0.45,86,2,True,1
0.45,453,3,True,1
0.45,302,2,True,1
0.45,239,2,True,1
0.45,318,2,True,1
0.45,300,2,True,1
0.45,458,2,True,1
0.45,333,2,True,1
0.45,331,2,True,1
0.45,36,2,True,1
0.45,472,2,True,1
0.45,15,2,True,1
0.45,0,2,True,1
0.45,376,2,True,1
0.45,59,3,True,1
0.45,319,2,True,1
0.45,412,3,True,1
0.45,340,3,True,1
0.45,21,3,True,1
0.45,163,3,True,1
0.45,105,3,True,1
0.45,178,2,True,1
0.45,65,3,True,1
0.45,138,2,True,1
0.45,85,2,True,1
0.45,47,2,True,1
0.45,157,2,True,1
0.45,391,2,True,1
0.45,301,2,True,1
0.45,155,2,True,1
0.45,123,2,True,1
0.45,273,2,True,1
0.45,409,2,True,1
0.45,359,2,True,1
0.45,170,3,True,1
0.45,252,2,True,1
0.45,206,2,True,1
0.45,446,3,True,1
0.45,436,2,True,1
0.45,210,2,True,1
0.45,249,2,True,1
0.45,317,2,True,1
0.45,258,2,True,1
0.45,466,2,True,1
0.45,396,2,True,1
0.45,373,2,True,1
0.45,416,2,True,1
0.45,122,2,True,1
0.45,193,2,True,1
0.45,23,2,True,1
0.45,230,2,True,1
0.45,228,2,True,1
0.45,308,2,True,1
0.45,156,2,True,1
0.45,151,2,True,1
0.45,146,2,True,1
0.45,101,2,True,1
0.45,296,3,True,1
0.45,68,2,True,1
0.45,440,2,True,1
0.45,110,2,True,1
0.45,295,3,True,1
0.45,271,2,True,1
0.45,92,2,True,1
0.45,196,2,True,1
0.45,371,3,True,1
0.45,362,2,True,1
0.45,73,3,True,1
0.45,49,2,True,1
0.45,27,2,True,1
0.45,179,2,True,1
0.45,71,2,True,1
0.45,218,3,True,1
0.45,234,2,True,1
0.45,14,2,True,1
0.45,227,3,True,1
0.45,219,2,True,1
0.45,6,2,True,1
0.45,41,3,True,1
0.45,344,2,True,1
0.45,424,2,True,1
0.45,352,2,True,1
0.45,175,2,True,1
0.45,281,2,True,1
0.45,384,2,True,1
0.45,497,2,True,1
0.45,286,2,True,1
0.45,124,3,True,1
0.45,25,2,True,1
0.45,139,2,True,1
0.45,375,2,True,1
0.45,152,2,True,1
0.45,413,2,True,1
0.45,141,2,True,1
0.45,159,2,True,1
0.45,130,2,True,1
0.45,278,2,True,1
0.45,486,2,True,1
0.45,485,2,True,1
0.45,414,3,True,1
0.45,328,2,True,1
0.45,282,2,True,1
0.45,447,3,True,1
0.45,232,2,True,1
0.45,11,2,True,1
0.45,496,2,True,1
0.45,147,3,True,1
0.45,394,2,True,1
0.45,418,2,True,1
0.45,431,2,True,1
0.45,57,2,True,1
0.45,217,2,True,1
0.45,204,2,True,1
0.45,51,2,True,1
0.45,260,2,True,1
0.45,381,2,True,1
0.45,495,2,True,1
0.45,356,2,True,1
0.45,448,2,True,1
0.45,455,2,True,1
0.45,336,2,True,1
0.45,355,2,True,1
0.45,354,2,True,1
0.45,365,3,True,1
0.45,190,2,True,1
0.45,195,2,True,1
0.45,56,2,True,1
0.45,372,3,True,1
0.45,154,2,True,1
0.45,183,2,True,1
0.45,69,2,True,1
0.45,78,3,True,1
0.45,64,2,True,1
0.45,16,2,True,1
0.45,119,3,True,1
0.45,82,2,True,1
0.45,81,2,True,1
0.45,10,2,True,1
0.45,368,2,True,1
0.45,211,2,True,1
0.45,307,2,True,1
0.45,382,2,True,1
0.45,399,3,True,1
0.45,182,2,True,1
0.45,465,3,True,1
0.45,327,2,True,1
0.45,263,2,True,1
0.45,177,2,True,1
0.45,72,2,True,1
0.45,298,2,True,1
0.47,419,2,True,1
0.47,184,2,True,1
0.47,273,2,True,1
0.47,153,3,True,1
0.47,394,2,True,1
0.47,349,3,True,1
0.47,344,3,True,1
0.47,457,2,True,1
0.47,40,2,True,1
0.47,323,2,True,1
0.47,42,3,True,1
0.47,492,2,True,1
0.47,363,2,True,1
0.47,364,2,True,1
0.47,220,2,True,1
0.47,202,2,True,1
0.47,214,3,True,1
0.47,322,2,True,1
0.47,352,2,True,1
0.47,236,2,True,1
0.47,23,2,True,1
0.47,113,2,True,1
0.47,39,3,True,1
0.47,412,2,True,1
0.47,497,2,True,1
0.47,213,3,True,1
0.47,78,2,True,1
0.47,261,2,True,1
0.47,232,2,True,1
0.47,70,2,True,1
0.47,22,3,True,1
0.47,129,2,True,1
0.47,283,2,True,1
0.47,255,3,True,1
0.47,219,2,True,1
0.47,325,2,True,1
0.47,447,2,True,1
0.47,281,2,True,1
0.47,229,2,True,1
0.47,436,2,True,1
0.47,227,2,True,1
0.47,498,3,True,1
0.47,194,2,True,1
0.47,451,2,True,1
0.47,185,2,True,1
0.47,267,2,True,1
0.47,461,2,True,1
0.47,158,2,True,1
0.47,298,2,True,1
0.47,301,2,True,1
0.47,427,3,True,1
0.47,199,2,True,1
0.47,12,2,True,1
0.47,312,2,True,1
0.47,398,2,True,1
0.47,162,2,True,1
0.47,108,2,True,1
0.47,250,2,True,1
0.47,111,2,True,1
0.47,237,2,True,1
0.47,418,2,True,1
0.47,209,2,True,1
0.47,100,2,True,1
0.47,115,2,True,1
0.47,99,2,True,1
0.47,327,2,True,1
0.47,160,2,True,1
0.47,91,2,True,1
0.47,341,2,True,1
0.47,166,2,True,1
0.47,416,2,True,1
0.47,446,2,True,1
0.47,174,2,True,1
0.47,332,2,True,1
0.47,354,2,True,1
0.47,468,2,True,1
0.47,140,3,True,1
0.47,377,2,True,1
0.47,245,2,True,1
0.47,4,2,True,1
0.47,482,2,True,1
0.47,331,3,True,1
0.47,240,2,True,1
0.47,442,2,True,1
0.47,290,3,True,1
0.47,343,2,True,1
0.47,342,2,True,1
0.47,362,2,True,1
0.47,350,2,True,1
0.47,424,2,True,1
0.47,150,2,True,1
0.47,5,3,True,1
0.47,423,2,True,1
0.47,19,2,True,1
0.47,165,2,True,1
0.47,477,2,True,1
0.47,294,2,True,1
0.47,243,2,True,1
0.47,284,2,True,1
0.47,130,2,True,1
0.47,393,2,True,1
0.47,397,2,True,1
0.47,282,2,True,1
0.47,259,2,True,1
0.47,263,2,True,1
0.47,450,2,True,1
0.47,37,2,True,1
0.47,464,2,True,1
0.47,454,2,True,1
0.47,276,3,True,1
0.47,79,2,True,1
0.47,376,2,True,1
0.47,309,2,True,1
0.47,318,2,True,1
0.47,356,2,True,1
0.47,128,2,True,1
0.47,428,2,True,1
0.47,154,2,True,1
0.47,223,2,True,1
0.47,107,2,True,1
0.47,269,2,True,1
0.47,95,2,True,1
0.47,176,2,True,1
0.47,49,2,True,1
0.47,186,2,True,1
0.47,62,2,True,1
0.47,142,2,True,1
0.47,359,2,True,1
0.47,146,3,True,1
0.47,336,2,True,1
0.47,439,2,True,1
0.47,72,2,True,1
0.47,181,2,True,1
0.47,351,2,True,1
0.47,90,2,True,1
0.47,335,3,True,1
0.47,76,2,True,1
0.47,51,2,True,1
0.47,50,2,True,1
0.47,180,2,True,1
0.47,0,2,True,1
0.47,485,2,True,1
0.47,499,2,True,1
0.47,195,2,True,1
0.47,52,2,True,1
0.47,305,2,True,1
0.47,201,2,True,1
0.47,59,2,True,1
0.47,143,2,True,1
0.47,127,2,True,1
0.47,303,2,True,1
0.47,435,2,True,1
0.47,487,2,True,1
0.47,467,2,True,1
0.47,292,2,True,1
0.47,404,2,True,1
0.47,472,2,True,1
0.47,411,2,True,1
0.47,253,2,True,1
0.47,48,2,True,1
0.47,381,2,True,1
0.47,346,2,True,1
0.47,474,2,True,1
0.47,289,2,True,1
0.47,47,2,True,1
0.47,328,2,True,1
0.47,134,2,True,1
0.47,429,2,True,1
0.47,25,2,True,1
0.47,373,2,True,1
0.47,392,3,True,1
0.47,489,2,True,1
0.47,235,2,True,1
0.47,133,2,True,1
0.47,463,2,True,1
0.47,459,3,True,1
0.47,462,2,True,1
0.47,358,2,True,1
0.47,494,2,True,1
0.47,54,2,True,1
0.47,9,2,True,1
0.47,114,2,True,1
0.47,35,2,True,1
0.47,13,2,True,1
0.47,152,2,True,1
0.47,173,2,True,1
0.47,372,2,True,1
0.47,400,2,True,1
0.47,147,2,True,1
0.47,94,2,True,1
0.47,71,2,True,1
0.47,256,2,True,1
0.47,445,2,True,1
0.47,61,2,True,1
0.47,399,2,True,1
0.47,155,2,True,1
0.47,230,2,True,1
0.47,34,2,True,1
0.47,410,2,True,1
0.47,80,2,True,1
0.49,448,2,True,1
0.49,343,2,True,1
0.49,199,2,True,1
0.49,321,3,True,1
0.49,142,2,True,1
0.49,479,2,True,1
0.49,204,2,True,1
0.49,246,2,True,1
0.49,281,2,True,1
0.49,487,2,True,1
0.49,278,2,True,1
0.49,0,2,True,1
0.49,408,2,True,1
0.49,477,2,True,1
0.49,31,2,True,1
0.49,316,2,True,1
0.49,19,2,True,1
0.49,11,2,True,1
0.49,259,2,True,1
0.49,73,2,True,1
0.49,353,2,True,1
0.49,284,2,True,1
0.49,337,2,True,1
0.49,266,2,True,1
0.49,59,2,True,1
0.49,233,2,True,1
0.49,24,2,True,1
0.49,232,2,True,1
0.49,482,2,True,1
0.49,481,2,True,1
0.49,374,2,True,1
0.49,21,2,True,1
0.49,367,2,True,1
0.49,360,2,True,1
0.49,402,2,True,1
0.49,288,2,True,1
0.49,263,2,True,1
0.49,254,2,True,1
0.49,290,2,True,1
0.49,94,2,True,1
0.49,208,2,True,1
0.49,486,2,True,1
0.49,231,2,True,1
0.49,66,2,True,1
0.49,139,2,True,1
0.49,471,2,True,1
0.49,83,2,True,1
0.49,313,3,True,1
0.49,398,2,True,1
0.49,235,2,True,1
0.49,344,2,True,1
0.49,380,2,True,1
0.49,489,2,True,1
0.49,411,2,True,1
0.49,194,2,True,1
0.49,149,2,True,1
0.49,470,2,True,1
0.49,474,2,True,1
0.49,46,2,True,1
0.49,420,2,True,1
0.49,109,2,True,1
0.49,64,2,True,1
0.49,160,2,True,1
0.49,424,2,True,1
0.49,496,2,True,1
0.49,150,2,True,1
0.49,47,2,True,1
0.49,180,2,True,1
0.49,299,2,True,1
0.49,39,2,True,1
0.49,256,2,True,1
0.49,401,2,True,1
0.49,326,2,True,1
0.49,190,2,True,1
0.49,265,2,True,1
0.49,56,2,True,1
0.49,311,2,True,1
0.49,423,3,True,1
0.49,488,2,True,1
0.49,341,2,True,1
0.49,243,2,True,1
0.49,335,2,True,1
0.49,473,2,True,1
0.49,339,2,True,1
0.49,167,2,True,1
0.49,133,2,True,1
0.49,405,2,True,1
0.49,163,2,True,1
0.49,36,2,True,1
0.49,494,2,True,1
0.49,396,2,True,1
0.49,272,2,True,1
0.49,34,2,True,1
0.49,328,2,True,1
0.49,75,2,True,1
0.49,54,2,True,1
0.49,426,2,True,1
0.49,23,2,True,1
0.49,356,2,True,1
0.49,179,2,True,1
0.49,216,2,True,1
0.49,26,2,True,1
0.49,90,2,True,1
0.49,49,2,True,1
0.49,250,2,True,1
0.49,400,2,True,1
0.49,78,2,True,1
0.49,191,2,True,1
0.49,491,2,True,1
0.49,68,2,True,1
0.49,336,2,True,1
0.49,275,2,True,1
0.49,164,2,True,1
0.49,50,2,True,1
0.49,359,2,True,1
0.49,421,2,True,1
0.49,285,2,True,1
0.49,52,2,True,1
0.49,324,2,True,1
0.49,115,2,True,1
0.49,443,2,True,1
0.49,135,2,True,1
0.49,365,2,True,1
0.49,492,2,True,1
0.49,364,2,True,1
0.49,442,2,True,1
0.49,293,2,True,1
0.49,378,2,True,1
0.49,368,2,True,1
0.49,82,2,True,1
0.49,203,2,True,1
0.49,498,2,True,1
0.49,87,2,True,1
0.49,287,2,True,1
0.49,455,2,True,1
0.49,80,2,True,1
0.49,5,2,True,1
0.49,158,2,True,1
0.49,383,2,True,1
0.49,449,2,True,1
0.49,57,2,True,1
0.49,189,2,True,1
0.49,262,2,True,1
0.49,212,2,True,1
0.49,198,2,True,1
0.49,95,2,True,1
0.49,138,2,True,1
0.49,215,2,True,1
0.49,291,2,True,1
0.49,286,3,True,1
0.49,395,2,True,1
0.49,42,2,True,1
0.49,230,2,True,1
0.49,358,2,True,1
0.49,351,2,True,1
0.49,436,2,True,1
0.49,172,2,True,1
0.49,480,2,True,1
0.49,6,2,True,1
0.49,237,2,True,1
0.49,393,2,True,1
0.49,403,2,True,1
0.49,165,2,True,1
0.49,227,2,True,1
0.49,238,2,True,1
0.49,412,2,True,1
0.49,156,2,True,1
0.49,7,2,True,1
0.49,74,2,True,1
0.49,175,2,True,1
0.49,55,2,True,1
0.49,173,2,True,1
0.49,355,2,True,1
0.49,314,2,True,1
0.49,211,2,True,1
0.49,1,2,True,1
0.49,96,3,True,1
0.49,70,2,True,1
0.49,349,2,True,1
0.49,255,2,True,1
0.49,404,2,True,1
0.49,361,2,True,1
0.49,282,2,True,1
0.49,304,2,True,1
0.49,193,3,True,1
0.49,65,2,True,1
0.49,354,2,True,1
0.49,28,2,True,1
0.49,229,2,True,1
0.49,81,2,True,1
0.49,300,2,True,1
0.49,283,2,True,1
0.49,112,2,True,1
0.49,148,2,True,1
0.49,141,2,True,1
0.49,373,2,True,1
0.49,251,2,True,1
0.49,416,2,True,1
0.49,457,2,True,1
0.49,69,2,True,1
0.51,385,2,True,1
0.51,338,2,True,1
0.51,36,2,True,1
0.51,48,2,True,1
0.51,113,2,True,1
0.51,396,2,True,1
0.51,405,2,True,1
0.51,149,2,True,1
0.51,386,2,True,1
0.51,343,2,True,1
0.51,21,2,True,1
0.51,432,2,True,1
0.51,314,2,True,1
0.51,222,2,True,1
0.51,215,2,True,1
0.51,87,2,True,1
0.51,184,2,True,1
0.51,50,2,True,1
0.51,325,2,True,1
0.51,51,2,True,1
0.51,57,2,True,1
0.51,249,2,True,1
0.51,174,2,True,1
0.51,490,2,True,1
0.51,101,2,True,1
0.51,186,2,True,1
0.51,212,2,True,1
0.51,302,2,True,1
0.51,179,2,True,1
0.51,193,2,True,1
0.51,239,2,True,1
0.51,332,2,True,1
0.51,89,2,True,1
0.51,438,2,True,1
0.51,254,2,True,1
0.51,143,2,True,1
0.51,289,2,True,1
0.51,282,2,True,1
0.51,300,2,True,1
0.51,326,2,True,1
0.51,399,2,True,1
0.51,321,2,True,1
0.51,462,2,True,1
0.51,312,2,True,1
0.51,497,2,True,1
0.51,259,2,True,1
0.51,47,2,True,1
0.51,342,2,True,1
0.51,103,2,True,1
0.51,400,2,True,1
0.51,391,2,True,1
0.51,197,2,True,1
0.51,311,2,True,1
0.51,11,2,True,1
0.51,180,2,True,1
0.51,121,2,True,1
0.51,175,2,True,1
0.51,61,2,True,1
0.51,367,2,True,1
0.51,387,2,True,1
0.51,476,2,True,1
0.51,185,2,True,1
0.51,66,2,True,1
0.51,283,2,True,1
0.51,292,2,True,1
0.51,94,2,True,1
0.51,379,2,True,1
0.51,493,2,True,1
0.51,10,2,True,1
0.51,489,2,True,1
0.51,168,2,True,1
0.51,46,2,True,1
0.51,485,2,True,1
0.51,9,2,True,1
0.51,151,2,True,1
0.51,323,2,True,1
0.51,15,2,True,1
0.51,39,2,True,1
0.51,384,2,True,1
0.51,165,2,True,1
0.51,260,2,True,1
0.51,494,2,True,1
0.51,181,2,True,1
0.51,454,2,True,1
0.51,37,2,True,1
0.51,354,2,True,1
0.51,334,2,True,1
0.51,214,2,True,1
0.51,414,2,True,1
0.51,42,2,True,1
0.51,335,2,True,1
0.51,95,2,True,1
0.51,464,2,True,1
0.51,436,2,True,1
0.51,447,2,True,1
0.51,390,2,True,1
0.51,230,2,True,1
0.51,190,2,True,1
0.51,307,2,True,1
0.51,352,2,True,1
0.51,147,2,True,1
0.51,100,2,True,1
0.51,104,2,True,1
0.51,440,2,True,1
0.51,263,2,True,1
0.51,120,2,True,1
0.51,29,2,True,1
0.51,207,2,True,1
0.51,317,2,True,1
0.51,18,2,True,1
0.51,154,2,True,1
0.51,268,2,True,1
0.51,466,2,True,1
0.51,27,2,True,1
0.51,425,2,True,1
0.51,119,2,True,1
0.51,237,2,True,1
0.51,219,2,True,1
0.51,412,2,True,1
0.51,460,2,True,1
0.51,8,2,True,1
0.51,228,2,True,1
0.51,487,2,True,1
0.51,277,2,True,1
0.51,287,2,True,1
0.51,216,2,True,1
0.51,253,2,True,1
0.51,213,2,True,1
0.51,44,2,True,1
0.51,169,2,True,1
0.51,288,2,True,1
0.51,150,2,True,1
0.51,97,2,True,1
0.51,430,2,True,1
0.51,468,2,True,1
0.51,164,2,True,1
0.51,91,2,True,1
0.51,459,3,True,1
0.51,163,2,True,1
0.51,243,2,True,1
0.51,273,2,True,1
0.51,376,2,True,1
0.51,176,2,True,1
0.51,199,2,True,1
0.51,200,2,True,1
0.51,63,2,True,1
0.51,339,2,True,1
0.51,74,2,True,1
0.51,96,2,True,1
0.51,188,2,True,1
0.51,370,2,True,1
0.51,189,2,True,1
0.51,192,2,True,1
0.51,451,2,True,1
0.51,303,2,True,1
0.51,275,2,True,1
0.51,285,2,True,1
0.51,402,2,True,1
0.51,315,2,True,1
0.51,130,2,True,1
0.51,41,2,True,1
0.51,134,2,True,1
0.51,374,2,True,1
0.51,475,2,True,1
0.51,194,2,True,1
0.51,60,2,True,1
0.51,428,2,True,1
0.51,69,2,True,1
0.51,196,2,True,1
0.51,369,2,True,1
0.51,141,2,True,1
0.51,218,2,True,1
0.51,146,2,True,1
0.51,17,2,True,1
0.51,229,2,True,1
0.51,128,2,True,1
0.51,328,2,True,1
0.51,375,2,True,1
0.51,162,2,True,1
0.51,81,2,True,1
0.51,88,2,True,1
0.51,444,2,True,1
0.51,49,2,True,1
0.51,76,2,True,1
0.51,78,2,True,1
0.51,187,2,True,1
0.51,457,2,True,1
0.51,403,2,True,1
0.51,445,2,True,1
0.51,471,2,True,1
0.51,274,2,True,1
0.51,251,2,True,1
0.51,73,2,True,1
0.51,236,2,True,1
0.51,270,2,True,1
0.51,210,2,True,1
0.51,291,2,True,1
0.51,350,2,True,1
0.51,131,2,True,1
0.51,33,2,True,1
0.53,383,2,True,1
0.53,250,2,True,1
0.53,62,2,True,1
0.53,232,2,True,1
0.53,493,2,True,1
0.53,79,2,True,1
0.53,31,2,True,1
0.53,154,2,True,1
0.53,241,2,True,1
0.53,116,2,True,1
0.53,408,2,True,1
0.53,333,2,True,1
0.53,228,2,True,1
0.53,75,2,True,1
0.53,366,2,True,1
0.53,302,2,True,1
0.53,310,2,True,1
0.53,495,2,True,1
0.53,338,2,True,1
0.53,104,2,True,1
0.53,326,2,True,1
0.53,36,2,True,1
0.53,417,2,True,1
0.53,462,2,True,1
0.53,280,2,True,1
0.53,399,2,True,1
0.53,444,2,True,1
0.53,216,2,True,1
0.53,395,2,True,1
0.53,21,2,True,1
0.53,261,2,True,1
0.53,465,2,True,1
0.53,187,2,True,1
0.53,82,2,True,1
0.53,330,2,True,1
0.53,97,2,True,1
0.53,497,2,True,1
0.53,458,2,True,1
0.53,445,2,True,1
0.53,10,2,True,1
0.53,433,2,True,1
0.53,447,2,True,1
0.53,407,2,True,1
0.53,138,2,True,1
0.53,87,2,True,1
0.53,111,2,True,1
0.53,390,2,True,1
0.53,343,2,True,1
0.53,168,2,True,1
0.53,65,2,True,1
0.53,448,2,True,1
0.53,37,2,True,1
0.53,293,2,True,1
0.53,488,2,True,1
0.53,494,2,True,1
0.53,374,2,True,1
0.53,480,2,True,1
0.53,121,2,True,1
0.53,457,2,True,1
0.53,107,2,True,1
0.53,208,2,True,1
0.53,33,2,True,1
0.53,32,2,True,1
0.53,328,2,True,1
0.53,446,2,True,1
0.53,80,2,True,1
0.53,307,2,True,1
0.53,202,2,True,1
0.53,131,2,True,1
0.53,209,2,True,1
0.53,29,2,True,1
0.53,464,2,True,1
0.53,44,2,True,1
0.53,175,2,True,1
0.53,113,2,True,1
0.53,103,2,True,1
0.53,30,2,True,1
0.53,199,2,True,1
0.53,429,2,True,1
0.53,319,2,True,1
0.53,443,2,True,1
0.53,422,2,True,1
0.53,74,2,True,1
0.53,235,2,True,1
0.53,284,2,True,1
0.53,244,2,True,1
0.53,213,2,True,1
0.53,288,2,True,1
0.53,18,2,True,1
0.53,483,2,True,1
0.53,491,2,True,1
0.53,409,2,True,1
0.53,68,2,True,1
0.53,489,2,True,1
0.53,139,2,True,1
0.53,119,2,True,1
0.53,215,2,True,1
0.53,384,2,True,1
0.53,485,2,True,1
0.53,400,2,True,1
0.53,126,2,True,1
0.53,388,2,True,1
0.53,35,2,True,1
0.53,313,2,True,1
0.53,84,2,True,1
0.53,230,2,True,1
0.53,316,2,True,1
0.53,239,2,True,1
0.53,195,2,True,1
0.53,96,2,True,1
0.53,298,2,True,1
0.53,416,2,True,1
0.53,48,2,True,1
0.53,167,2,True,1
0.53,260,2,True,1
0.53,52,2,True,1
0.53,269,2,True,1
0.53,108,2,True,1
0.53,222,2,True,1
0.53,362,2,True,1
0.53,3,2,True,1
0.53,277,2,True,1
0.53,317,2,True,1
0.53,470,2,True,1
0.53,185,2,True,1
0.53,312,2,True,1
0.53,100,2,True,1
0.53,77,2,True,1
0.53,234,2,True,1
0.53,224,2,True,1
0.53,176,2,True,1
0.53,78,2,True,1
0.53,163,2,True,1
0.53,437,2,True,1
0.53,378,2,True,1
0.53,143,2,True,1
0.53,278,2,True,1
0.53,194,2,True,1
0.53,61,2,True,1
0.53,7,2,True,1
0.53,191,2,True,1
0.53,70,2,True,1
0.53,492,2,True,1
0.53,368,2,True,1
0.53,124,2,True,1
0.53,236,2,True,1
0.53,334,2,True,1
0.53,402,2,True,1
0.53,255,2,True,1
0.53,287,2,True,1
0.53,243,2,True,1
0.53,38,2,True,1
0.53,435,2,True,1
0.53,414,2,True,1
0.53,410,2,True,1
0.53,46,2,True,1
0.53,259,2,True,1
0.53,221,2,True,1
0.53,321,2,True,1
0.53,468,2,True,1
0.53,190,2,True,1
0.53,110,2,True,1
0.53,477,2,True,1
0.53,450,2,True,1
0.53,335,2,True,1
0.53,461,2,True,1
0.53,92,2,True,1
0.53,203,2,True,1
0.53,219,2,True,1
0.53,418,2,True,1
0.53,210,2,True,1
0.53,130,2,True,1
0.53,426,2,True,1
0.53,412,2,True,1
0.53,117,2,True,1
0.53,267,2,True,1
0.53,327,2,True,1
0.53,6,2,True,1
0.53,149,2,True,1
0.53,498,2,True,1
0.53,282,2,True,1
0.53,496,2,True,1
0.53,431,2,True,1
0.53,93,2,True,1
0.53,231,2,True,1
0.53,273,2,True,1
0.53,137,2,True,1
0.53,389,2,True,1
0.53,225,2,True,1
0.53,246,2,True,1
0.53,17,2,True,1
0.53,16,2,True,1
0.53,322,2,True,1
0.53,371,2,True,1
0.53,325,2,True,1
0.53,459,2,True,1
0.53,188,2,True,1
0.53,419,2,True,1
0.53,123,2,True,1
0.53,45,2,True,1
0.55,214,2,True,1
0.55,195,2,True,1
0.55,423,2,True,1
0.55,308,2,True,1
0.55,400,2,True,1
0.55,382,2,True,1
0.55,107,2,True,1
0.55,171,2,True,1
0.55,299,2,True,1
0.55,279,2,True,1
0.55,3,2,True,1
0.55,479,2,True,1
0.55,5,2,True,1
0.55,237,2,True,1
0.55,352,2,True,1
0.55,152,2,True,1
0.55,302,2,True,1
0.55,430,2,True,1
0.55,311,2,True,1
0.55,186,2,True,1
0.55,179,2,True,1
0.55,46,2,True,1
0.55,182,2,True,1
0.55,433,2,True,1
0.55,421,2,True,1
0.55,199,2,True,1
0.55,6,2,True,1
0.55,57,2,True,1
0.55,297,2,True,1
0.55,62,2,True,1
0.55,496,2,True,1
0.55,257,2,True,1
0.55,307,2,True,1
0.55,145,2,True,1
0.55,10,2,True,1
0.55,481,2,True,1
0.55,285,2,True,1
0.55,35,2,True,1
0.55,119,2,True,1
0.55,490,2,True,1
0.55,276,2,True,1
0.55,320,2,True,1
0.55,24,2,True,1
0.55,383,2,True,1
0.55,60,2,True,1
0.55,309,2,True,1
0.55,20,2,True,1
0.55,327,2,True,1
0.55,355,2,True,1
0.55,18,2,True,1
0.55,284,2,True,1
0.55,373,2,True,1
0.55,1,2,True,1
0.55,298,2,True,1
0.55,82,2,True,1
0.55,202,2,True,1
0.55,267,2,True,1
0.55,22,2,True,1
0.55,471,2,True,1
0.55,289,2,True,1
0.55,269,2,True,1
0.55,293,2,True,1
0.55,457,2,True,1
0.55,221,2,True,1
0.55,328,2,True,1
0.55,2,2,True,1
0.55,111,2,True,1
0.55,427,2,True,1
0.55,451,2,True,1
0.55,418,2,True,1
0.55,79,2,True,1
0.55,98,2,True,1
0.55,156,2,True,1
0.55,12,2,True,1
0.55,254,2,True,1
0.55,444,2,True,1
0.55,464,2,True,1
0.55,4,2,True,1
0.55,431,2,True,1
0.55,84,2,True,1
0.55,52,2,True,1
0.55,38,2,True,1
0.55,409,2,True,1
0.55,379,2,True,1
0.55,181,2,True,1
0.55,81,2,True,1
0.55,16,2,True,1
0.55,454,2,True,1
0.55,167,2,True,1
0.55,114,2,True,1
0.55,88,2,True,1
0.55,495,2,True,1
0.55,349,2,True,1
0.55,405,2,True,1
0.55,359,2,True,1
0.55,85,2,True,1
0.55,71,2,True,1
0.55,378,2,True,1
0.55,268,2,True,1
0.55,200,2,True,1
0.55,94,2,True,1
0.55,213,2,True,1
0.55,449,2,True,1
0.55,344,2,True,1
0.55,164,2,True,1
0.55,218,2,True,1
0.55,206,2,True,1
0.55,493,2,True,1
0.55,442,2,True,1
0.55,424,2,True,1
0.55,305,2,True,1
0.55,0,2,True,1
0.55,387,2,True,1
0.55,369,2,True,1
0.55,121,2,True,1
0.55,169,2,True,1
0.55,245,2,True,1
0.55,229,2,True,1
0.55,124,2,True,1
0.55,416,2,True,1
0.55,64,2,True,1
0.55,33,2,True,1
0.55,161,2,True,1
0.55,63,2,True,1
0.55,368,2,True,1
0.55,223,2,True,1
0.55,249,2,True,1
0.55,434,2,True,1
0.55,34,2,True,1
0.55,180,2,True,1
0.55,319,2,True,1
0.55,251,2,True,1
0.55,371,2,True,1
0.55,339,2,True,1
0.55,226,2,True,1
0.55,462,2,True,1
0.55,29,2,True,1
0.55,8,2,True,1
0.55,258,2,True,1
0.55,193,2,True,1
0.55,69,2,True,1
0.55,144,2,True,1
0.55,105,2,True,1
0.55,130,2,True,1
0.55,146,2,True,1
0.55,253,2,True,1
0.55,435,2,True,1
0.55,266,2,True,1
0.55,58,2,True,1
0.55,189,2,True,1
0.55,116,2,True,1
0.55,318,2,True,1
0.55,272,2,True,1
0.55,187,2,True,1
0.55,205,2,True,1
0.55,438,2,True,1
0.55,210,2,True,1
0.55,54,2,True,1
0.55,242,2,True,1
0.55,301,2,True,1
0.55,26,2,True,1
0.55,90,2,True,1
0.55,317,2,True,1
0.55,72,2,True,1
0.55,419,2,True,1
0.55,263,2,True,1
0.55,252,2,True,1
0.55,458,2,True,1
0.55,321,2,True,1
0.55,336,2,True,1
0.55,39,2,True,1
0.55,68,2,True,1
0.55,332,2,True,1
0.55,480,2,True,1
0.55,370,2,True,1
0.55,243,2,True,1
0.55,123,2,True,1
0.55,351,2,True,1
0.55,271,2,True,1
0.55,280,2,True,1
0.55,473,2,True,1
0.55,32,2,True,1
0.55,315,2,True,1
0.55,211,2,True,1
0.55,455,2,True,1
0.55,466,2,True,1
0.55,475,2,True,1
0.55,103,2,True,1
0.55,120,2,True,1
0.55,183,2,True,1
0.55,7,2,True,1
0.55,445,2,True,1
0.55,340,2,True,1
0.55,19,2,True,1
0.55,386,2,True,1
0.55,159,2,True,1
0.55,428,2,True,1
0.55,460,2,True,1
0.55,184,2,True,1
0.55,324,2,True,1
