sigma,target,initial_overlap,cleaned_overlap,iters,cell_acc,exact,recon_corr_initial,recon_corr_cleaned,recon_mse_cleaned
0.0,176,1.0,1.0,1,1.0,1,0.9999999999997304,0.9999999999997304,7.629873e-14
0.0,180,1.0,1.0,1,1.0,1,0.9999999999998158,0.9999999999998158,1.1883317e-13
0.0,124,1.0,1.0,1,1.0,1,0.9999999999995648,0.9999999999995648,1.0175646e-13
0.0,196,1.0,1.0,1,1.0,1,0.9999999999996384,0.9999999999996384,1.3675992e-13
0.0,126,1.0,1.0,1,1.0,1,0.9999999999995511,0.9999999999995511,1.0888758e-13
0.0,115,1.0,1.0,1,1.0,1,0.9999999999997005,0.9999999999997005,1.3632654e-13
0.0,50,1.0,1.0,1,1.0,1,0.9999999999997936,0.9999999999997936,1.3691258e-13
0.0,191,1.0,1.0,1,1.0,1,0.9999999999998099,0.9999999999998099,1.6167917e-13
0.0,116,1.0,1.0,1,1.0,1,0.9999999999992986,0.9999999999992986,1.0146711e-13
0.0,86,1.0,1.0,1,1.0,1,0.9999999999996984,0.9999999999996984,9.6564995e-14
0.0,50,1.0,1.0,1,1.0,1,0.9999999999997936,0.9999999999997936,1.3691258e-13
0.0,43,1.0,1.0,1,1.0,1,0.9999999999995451,0.9999999999995451,1.1262278e-13
0.0,22,1.0,1.0,1,1.0,1,0.9999999999993711,0.9999999999993711,1.4204419e-13
0.0,112,1.0,1.0,1,1.0,1,0.9999999999997434,0.9999999999997434,8.739965e-14
0.0,31,1.0,1.0,1,1.0,1,0.9999999999996771,0.9999999999996771,1.3266179e-13
0.0,104,1.0,1.0,1,1.0,1,0.9999999999998244,0.9999999999998244,1.6054484e-13
0.0,144,1.0,1.0,1,1.0,1,0.9999999999996532,0.9999999999996532,1.3539643e-13
0.0,187,1.0,1.0,1,1.0,1,0.9999999999998213,0.9999999999998213,1.6674112e-13
0.0,40,1.0,1.0,1,1.0,1,0.9999999999996495,0.9999999999996495,7.778937e-14
0.0,131,1.0,1.0,1,1.0,1,0.9999999999991631,0.9999999999991631,1.2570377e-13
0.0,120,1.0,1.0,1,1.0,1,0.9999999999998189,0.9999999999998189,1.8241876e-13
0.0,148,1.0,1.0,1,1.0,1,0.9999999999998176,0.9999999999998176,1.6838337e-13
0.0,84,1.0,1.0,1,1.0,1,0.9999999999997679,0.9999999999997679,1.7962437e-13
0.0,96,1.0,1.0,1,1.0,1,0.9999999999997086,0.9999999999997086,1.369963e-13
0.0,153,1.0,1.0,1,1.0,1,0.9999999999997058,0.9999999999997058,8.822285e-14
0.0,101,1.0,1.0,1,1.0,1,0.9999999999996589,0.9999999999996589,7.694079e-14
0.0,138,1.0,1.0,1,1.0,1,0.9999999999996116,0.9999999999996116,8.7888233e-14
0.0,138,1.0,1.0,1,1.0,1,0.9999999999996116,0.9999999999996116,8.7888233e-14
0.0,137,1.0,1.0,1,1.0,1,0.999999999999713,0.999999999999713,1.1871995e-13
0.0,20,1.0,1.0,1,1.0,1,0.9999999999997392,0.9999999999997392,9.561202e-14
0.0,188,1.0,1.0,1,1.0,1,0.9999999999997674,0.9999999999997674,9.505444e-14
0.0,10,1.0,1.0,1,1.0,1,0.9999999999995114,0.9999999999995114,1.1478919e-13
0.0,148,1.0,1.0,1,1.0,1,0.9999999999998176,0.9999999999998176,1.6838337e-13
0.0,166,1.0,1.0,1,1.0,1,0.9999999999996254,0.9999999999996254,9.458424e-14
0.0,128,1.0,1.0,1,1.0,1,0.9999999999998124,0.9999999999998124,1.3841212e-13
0.0,187,1.0,1.0,1,1.0,1,0.9999999999998213,0.9999999999998213,1.6674112e-13
0.0,149,1.0,1.0,1,1.0,1,0.9999999999998174,0.9999999999998174,1.0159429e-13
0.0,63,1.0,1.0,1,1.0,1,0.9999999999996736,0.9999999999996736,1.0717822e-13
0.0,44,1.0,1.0,1,1.0,1,0.9999999999996018,0.9999999999996018,8.232535e-14
0.0,53,1.0,1.0,1,1.0,1,0.9999999999996297,0.9999999999996297,1.377531e-13
0.0,83,1.0,1.0,1,1.0,1,0.9999999999997398,0.9999999999997398,8.6093316e-14
0.0,194,1.0,1.0,1,1.0,1,0.9999999999995247,0.9999999999995247,1.09006005e-13
0.0,195,1.0,1.0,1,1.0,1,0.9999999999993987,0.9999999999993987,1.3255281e-13
0.0,177,1.0,1.0,1,1.0,1,0.9999999999998018,0.9999999999998018,1.01896187e-13
0.0,89,1.0,1.0,1,1.0,1,0.9999999999995456,0.9999999999995456,1.6943044e-13
0.0,80,1.0,1.0,1,1.0,1,0.9999999999996727,0.9999999999996727,1.7609674e-13
0.0,63,1.0,1.0,1,1.0,1,0.9999999999996736,0.9999999999996736,1.0717822e-13
0.0,77,1.0,1.0,1,1.0,1,0.9999999999993895,0.9999999999993895,1.5703854e-13
0.0,65,1.0,1.0,1,1.0,1,0.9999999999995558,0.9999999999995558,1.2668676e-13
0.0,135,1.0,1.0,1,1.0,1,0.9999999999997367,0.9999999999997367,1.1026918e-13
0.0,28,1.0,1.0,1,1.0,1,0.9999999999992477,0.9999999999992477,9.858433e-14
0.0,93,1.0,1.0,1,1.0,1,0.9999999999995731,0.9999999999995731,8.414748e-14
0.0,103,1.0,1.0,1,1.0,1,0.9999999999995699,0.9999999999995699,1.3389897e-13
0.0,154,1.0,1.0,1,1.0,1,0.9999999999995212,0.9999999999995212,8.21304e-14
0.0,130,1.0,1.0,1,1.0,1,0.9999999999995617,0.9999999999995617,1.06121654e-13
0.0,91,1.0,1.0,1,1.0,1,0.9999999999996921,0.9999999999996921,1.12216395e-13
0.0,24,1.0,1.0,1,1.0,1,0.9999999999996522,0.9999999999996522,7.425936e-14
0.0,39,1.0,1.0,1,1.0,1,0.9999999999996565,0.9999999999996565,2.374174e-13
0.0,133,1.0,1.0,1,1.0,1,0.99999999999941,0.99999999999941,5.667647e-14
0.0,86,1.0,1.0,1,1.0,1,0.9999999999996984,0.9999999999996984,9.6564995e-14
0.1,73,0.96,1.0,2,1.0,1,0.9925075210377687,0.9999999999998277,1.03149965e-13
0.1,84,0.98,1.0,2,1.0,1,0.995655066362532,0.9999999999997679,1.7962437e-13
0.1,168,0.9933333333333333,1.0,2,1.0,1,0.997633779557688,0.9999999999997097,1.1447036e-13
0.1,136,0.98,1.0,2,1.0,1,0.9969818702394896,0.9999999999998208,1.6626517e-13
0.1,134,0.96,1.0,2,1.0,1,0.9904827850861013,0.9999999999996783,1.0724344e-13
0.1,18,0.9866666666666667,1.0,2,1.0,1,0.9976032494396396,0.9999999999997524,1.5230544e-13
0.1,113,0.9666666666666667,1.0,2,1.0,1,0.9883432854509671,0.999999999999749,1.4736523e-13
0.1,62,0.9866666666666667,1.0,2,1.0,1,0.9965427046027351,0.9999999999997672,1.225732e-13
0.1,17,0.9933333333333333,1.0,2,1.0,1,0.9977119344119583,0.9999999999996478,1.2006485e-13
0.1,140,0.9733333333333334,1.0,2,1.0,1,0.989836555166832,0.9999999999997126,1.1790062e-13
0.1,2,0.96,1.0,2,1.0,1,0.9932440654395316,0.999999999999697,1.4427833e-13
0.1,57,0.9533333333333334,1.0,2,1.0,1,0.9748646399072894,0.9999999999993916,1.1637734e-13
0.1,27,0.96,1.0,2,1.0,1,0.988502006979174,0.9999999999997238,1.3656265e-13
0.1,81,0.9733333333333334,1.0,2,1.0,1,0.9936682488866219,0.9999999999997923,8.229387e-14
0.1,59,0.9533333333333334,1.0,2,1.0,1,0.9838641923364042,0.9999999999995207,2.1012723e-13
0.1,39,0.9733333333333334,1.0,2,1.0,1,0.9949511265717839,0.9999999999996565,2.374174e-13
0.1,132,0.98,1.0,2,1.0,1,0.993465376351627,0.9999999999997027,8.596119e-14
0.1,164,0.9666666666666667,1.0,2,1.0,1,0.9767742751754471,0.999999999998828,1.2541572e-13
0.1,127,0.98,1.0,2,1.0,1,0.9899370576904364,0.999999999999577,8.332028e-14
0.1,125,0.98,1.0,2,1.0,1,0.9900735843186437,0.9999999999995418,7.540475e-14
0.1,177,0.9533333333333334,1.0,2,1.0,1,0.9900481179846693,0.9999999999998018,1.01896187e-13
0.1,192,0.98,1.0,2,1.0,1,0.9942843899478366,0.9999999999995847,1.3587322e-13
0.1,184,0.9933333333333333,1.0,2,1.0,1,0.9977371716147233,0.99999999999967,8.8231824e-14
0.1,59,0.9666666666666667,1.0,2,1.0,1,0.9940177505576038,0.9999999999995207,2.1012723e-13
0.1,107,0.9666666666666667,1.0,2,1.0,1,0.9846285063750294,0.9999999999996344,7.917188e-14
0.1,154,1.0,1.0,1,1.0,1,0.9999999999995212,0.9999999999995212,8.21304e-14
0.1,182,0.9733333333333334,1.0,2,1.0,1,0.9857023637548783,0.9999999999995861,1.2611247e-13
0.1,24,0.9666666666666667,1.0,2,1.0,1,0.9867040017126569,0.9999999999996522,7.425936e-14
0.1,174,0.96,1.0,2,1.0,1,0.993886762146208,0.9999999999997291,1.2779934e-13
0.1,45,0.9933333333333333,1.0,2,1.0,1,0.998082578136592,0.9999999999997923,1.2179807e-13
0.1,42,0.96,1.0,2,1.0,1,0.9862653782513189,0.9999999999995491,1.4543529e-13
0.1,56,0.9666666666666667,1.0,2,1.0,1,0.9802054116697048,0.9999999999993835,1.714059e-13
0.1,107,0.9733333333333334,1.0,2,1.0,1,0.9871599997223375,0.9999999999996344,7.917188e-14
0.1,70,0.9733333333333334,1.0,2,1.0,1,0.9952693576125916,0.999999999999617,1.4656099e-13
0.1,7,0.9866666666666667,1.0,2,1.0,1,0.9978442405110068,0.9999999999998489,1.4896053e-13
0.1,96,0.9933333333333333,1.0,2,1.0,1,0.9986085148071789,0.9999999999997086,1.369963e-13
0.1,1,0.9733333333333334,1.0,2,1.0,1,0.9910053268377084,0.999999999999604,7.890283e-14
0.1,158,0.9666666666666667,1.0,2,1.0,1,0.9924054478606917,0.999999999999646,1.4889576e-13
0.1,153,0.9866666666666667,1.0,2,1.0,1,0.995689229477732,0.9999999999997058,8.822285e-14
0.1,2,0.9466666666666667,1.0,2,1.0,1,0.9901193386515202,0.999999999999697,1.4427833e-13
0.1,45,0.98,1.0,2,1.0,1,0.9938208776319875,0.9999999999997923,1.2179807e-13
0.1,61,1.0,1.0,1,1.0,1,0.9999999999996619,0.9999999999996619,1.2038367e-13
0.1,180,0.9733333333333334,1.0,2,1.0,1,0.9904044934343832,0.9999999999998158,1.1883317e-13
0.1,123,0.9866666666666667,1.0,2,1.0,1,0.9972825807795754,0.9999999999998547,8.7362273e-14
0.1,169,0.9733333333333334,1.0,2,1.0,1,0.997160558801385,0.9999999999998078,1.3998087e-13
0.1,187,0.9733333333333334,1.0,2,1.0,1,0.9950847390219113,0.9999999999998213,1.6674112e-13
0.1,61,0.98,1.0,2,1.0,1,0.9901381194063401,0.9999999999996619,1.2038367e-13
0.1,4,0.9466666666666667,1.0,2,1.0,1,0.9919763011038255,0.9999999999997857,1.3762704e-13
0.1,173,0.9866666666666667,1.0,2,1.0,1,0.9919356340667269,0.9999999999994288,8.485163e-14
0.1,182,0.9666666666666667,1.0,2,1.0,1,0.9805687692436521,0.9999999999995861,1.2611247e-13
0.1,122,0.9666666666666667,1.0,2,1.0,1,0.9923520507553174,0.999999999999757,1.09262995e-13
0.1,32,0.98,1.0,2,1.0,1,0.9960017142806278,0.9999999999998349,1.5872286e-13
0.1,41,0.9733333333333334,1.0,2,1.0,1,0.9929386866450318,0.9999999999997513,8.582743e-14
0.1,199,0.9933333333333333,1.0,2,1.0,1,0.9980583491844469,0.9999999999996606,1.4393592e-13
0.1,182,0.9866666666666667,1.0,2,1.0,1,0.9965926970394071,0.9999999999995861,1.2611247e-13
0.1,57,0.9733333333333334,1.0,2,1.0,1,0.9846372432192445,0.9999999999993916,1.1637734e-13
0.1,137,0.9666666666666667,1.0,2,1.0,1,0.990329960388825,0.999999999999713,1.1871995e-13
0.1,14,0.9866666666666667,1.0,2,1.0,1,0.9955129999741383,0.9999999999997486,8.5023887e-14
0.1,94,0.9733333333333334,1.0,2,1.0,1,0.9915825612433664,0.9999999999995589,1.425826e-13
0.1,152,0.9733333333333334,1.0,2,1.0,1,0.9929581089758873,0.9999999999998265,1.4838165e-13
0.2,91,0.5866666666666667,1.0,2,1.0,1,0.8258009318044217,0.9999999999996921,1.12216395e-13
0.2,89,0.7466666666666667,1.0,2,1.0,1,0.9305205986002334,0.9999999999995456,1.6943044e-13
0.2,25,0.6666666666666666,1.0,2,1.0,1,0.9070282378295427,0.9999999999998251,1.4637616e-13
0.2,160,0.76,1.0,2,1.0,1,0.9535327700160623,0.9999999999997242,1.4160407e-13
0.2,183,0.8066666666666666,1.0,2,1.0,1,0.963296396933108,0.9999999999996643,1.02217944e-13
0.2,25,0.7733333333333333,1.0,2,1.0,1,0.9664114997382732,0.9999999999998251,1.4637616e-13
0.2,156,0.7,1.0,2,1.0,1,0.8873406099593861,0.9999999999995716,1.186311e-13
0.2,148,0.6933333333333334,1.0,2,1.0,1,0.930130570041361,0.9999999999998176,1.6838337e-13
0.2,45,0.7133333333333334,1.0,2,1.0,1,0.9217874668509882,0.9999999999997923,1.2179807e-13
0.2,44,0.6466666666666666,1.0,2,1.0,1,0.8437142775602839,0.9999999999996018,8.232535e-14
0.2,54,0.6866666666666666,1.0,2,1.0,1,0.9100588202596591,0.9999999999997466,1.3687887e-13
0.2,63,0.7133333333333334,1.0,2,1.0,1,0.8895431949613188,0.9999999999996736,1.0717822e-13
0.2,167,0.7666666666666667,1.0,2,1.0,1,0.8921245909599455,0.9999999999995375,1.13448686e-13
0.2,146,0.8066666666666666,1.0,2,1.0,1,0.9145935112897446,0.9999999999997532,1.2362297e-13
0.2,68,0.8133333333333334,1.0,2,1.0,1,0.914353454055861,0.9999999999992965,9.680164e-14
0.2,149,0.66,1.0,2,1.0,1,0.8738144636833431,0.9999999999998174,1.0159429e-13
0.2,90,0.7666666666666667,1.0,2,1.0,1,0.9174737357261528,0.9999999999993794,9.5540356e-14
0.2,165,0.7133333333333334,1.0,2,1.0,1,0.8991260681619618,0.9999999999998149,1.10529444e-13
0.2,170,0.8466666666666667,1.0,2,1.0,1,0.9629417518139342,0.9999999999997601,1.9131804e-13
0.2,44,0.62,1.0,2,1.0,1,0.7642758308339721,0.9999999999996018,8.232535e-14
0.2,176,0.64,1.0,2,1.0,1,0.912730661828068,0.9999999999997304,7.629873e-14
0.2,197,0.6866666666666666,1.0,2,1.0,1,0.8304732485113163,0.9999999999994842,7.9066555e-14
0.2,133,0.6533333333333333,1.0,2,1.0,1,0.7404512678075638,0.99999999999941,5.667647e-14
0.2,128,0.8,1.0,2,1.0,1,0.9193706212393118,0.9999999999998124,1.3841212e-13
0.2,44,0.84,1.0,2,1.0,1,0.938525190487464,0.9999999999996018,8.232535e-14
0.2,156,0.8133333333333334,1.0,2,1.0,1,0.9273317899371499,0.9999999999995716,1.186311e-13
0.2,79,0.7333333333333333,1.0,2,1.0,1,0.8014796254979645,0.9999999999990684,1.01064265e-13
0.2,34,0.7866666666666666,1.0,2,1.0,1,0.9491365140559531,0.9999999999996939,1.4921139e-13
0.2,87,0.7266666666666667,1.0,2,1.0,1,0.8156859048316194,0.9999999999997549,7.789876e-14
0.2,127,0.64,1.0,2,1.0,1,0.8077973579584116,0.999999999999577,8.332028e-14
0.2,31,0.7866666666666666,1.0,2,1.0,1,0.9499969149763033,0.9999999999996771,1.3266179e-13
0.2,14,0.74,1.0,2,1.0,1,0.9005600918090119,0.9999999999997486,8.5023887e-14
0.2,168,0.78,1.0,2,1.0,1,0.936842764861045,0.9999999999997097,1.1447036e-13
0.2,133,0.7933333333333333,1.0,2,1.0,1,0.8864259522452846,0.99999999999941,5.667647e-14
0.2,25,0.7333333333333333,1.0,2,1.0,1,0.9378459227229243,0.9999999999998251,1.4637616e-13
0.2,194,0.76,1.0,2,1.0,1,0.8301384468810329,0.9999999999995247,1.09006005e-13
0.2,1,0.68,1.0,2,1.0,1,0.9017602454863384,0.999999999999604,7.890283e-14
0.2,129,0.6933333333333334,1.0,2,1.0,1,0.9332193424912837,0.9999999999997303,1.3712122e-13
0.2,64,0.76,1.0,2,1.0,1,0.9391948849349445,0.9999999999996709,1.12447906e-13
0.2,57,0.72,1.0,2,1.0,1,0.893691229989517,0.9999999999993916,1.1637734e-13
0.2,89,0.72,1.0,2,1.0,1,0.9192632761622945,0.9999999999995456,1.6943044e-13
0.2,130,0.6533333333333333,1.0,2,1.0,1,0.8577621629020274,0.9999999999995617,1.06121654e-13
0.2,137,0.7266666666666667,1.0,2,1.0,1,0.8929233401155339,0.999999999999713,1.1871995e-13
0.2,81,0.7666666666666667,1.0,2,1.0,1,0.8960821949308909,0.9999999999997923,8.229387e-14
0.2,8,0.7666666666666667,1.0,2,1.0,1,0.9285824440477671,0.9999999999996491,1.2465638e-13
0.2,24,0.7066666666666667,1.0,2,1.0,1,0.9114299270521253,0.9999999999996522,7.425936e-14
0.2,76,0.72,1.0,2,1.0,1,0.9170465404128746,0.9999999999998106,1.397662e-13
0.2,87,0.7733333333333333,1.0,2,1.0,1,0.904876744628398,0.9999999999997549,7.789876e-14
0.2,37,0.84,1.0,2,1.0,1,0.9395983540313195,0.9999999999996518,9.87688e-14
0.2,1,0.7466666666666667,1.0,2,1.0,1,0.8502489738171636,0.999999999999604,7.890283e-14
0.2,83,0.78,1.0,2,1.0,1,0.9137583876914385,0.9999999999997398,8.6093316e-14
0.2,5,0.8733333333333333,1.0,2,1.0,1,0.9501587335883215,0.9999999999996532,1.1235064e-13
0.2,88,0.7466666666666667,1.0,2,1.0,1,0.9136144062167271,0.9999999999997368,1.2301824e-13
0.2,129,0.7333333333333333,1.0,2,1.0,1,0.9232922262116758,0.9999999999997303,1.3712122e-13
0.2,102,0.7866666666666666,1.0,2,1.0,1,0.9479312335112058,0.9999999999998674,1.313553e-13
0.2,15,0.7,1.0,2,1.0,1,0.9068988230703469,0.9999999999998384,1.3864764e-13
0.2,96,0.74,1.0,2,1.0,1,0.9212499327703348,0.9999999999997086,1.369963e-13
0.2,177,0.74,1.0,2,1.0,1,0.9409181406138828,0.9999999999998018,1.01896187e-13
0.2,114,0.7066666666666667,1.0,2,1.0,1,0.9625219077529601,0.9999999999998321,1.923785e-13
0.2,104,0.7466666666666667,1.0,2,1.0,1,0.9094762501240201,0.9999999999998244,1.6054484e-13
0.3,192,0.58,1.0,2,1.0,1,0.8155030260809412,0.9999999999995847,1.3587322e-13
0.3,52,0.7666666666666667,1.0,2,1.0,1,0.8709952723647943,0.9999999999991129,1.1646227e-13
0.3,156,0.5666666666666667,1.0,2,1.0,1,0.8376623413875339,0.9999999999995716,1.186311e-13
0.3,121,0.6666666666666666,1.0,2,1.0,1,0.865366643058076,0.9999999999995056,1.5368859e-13
0.3,199,0.4866666666666667,1.0,2,1.0,1,0.7007301800070238,0.9999999999996606,1.4393592e-13
0.3,93,0.6266666666666667,1.0,2,1.0,1,0.7790737984433096,0.9999999999995731,8.414748e-14
0.3,174,0.64,1.0,2,1.0,1,0.8667113185011227,0.9999999999997291,1.2779934e-13
0.3,3,0.5866666666666667,1.0,2,1.0,1,0.8717092733115471,0.9999999999996283,1.640671e-13
0.3,177,0.4533333333333333,1.0,2,1.0,1,0.8336720466280567,0.9999999999998018,1.01896187e-13
0.3,166,0.5,1.0,2,1.0,1,0.7668167204264265,0.9999999999996254,9.458424e-14
0.3,68,0.6066666666666667,1.0,2,1.0,1,0.7468497876512604,0.9999999999992965,9.680164e-14
0.3,183,0.6133333333333333,1.0,2,1.0,1,0.8389144261059609,0.9999999999996643,1.02217944e-13
0.3,93,0.58,1.0,2,1.0,1,0.7742223778749022,0.9999999999995731,8.414748e-14
0.3,16,0.6,1.0,2,1.0,1,0.8453408899438157,0.9999999999995982,1.4626287e-13
0.3,7,0.5666666666666667,1.0,2,1.0,1,0.8862613345192104,0.9999999999998489,1.4896053e-13
0.3,100,0.58,1.0,2,1.0,1,0.8899255876269637,0.999999999999812,1.3224292e-13
0.3,78,0.5466666666666666,1.0,2,1.0,1,0.8409999323636166,0.999999999999482,1.307628e-13
0.3,26,0.56,1.0,2,1.0,1,0.7163572861089532,0.9999999999992656,1.2837417e-13
0.3,186,0.49333333333333335,1.0,2,1.0,1,0.8223591518358812,0.9999999999997016,1.5404118e-13
0.3,147,0.62,1.0,2,1.0,1,0.8736601627970838,0.9999999999997408,7.112848e-14
0.3,102,0.5333333333333333,1.0,2,1.0,1,0.8518000292533295,0.9999999999998674,1.313553e-13
0.3,157,0.5466666666666666,1.0,2,1.0,1,0.8016225892752775,0.9999999999997984,7.8104366e-14
0.3,57,0.4866666666666667,1.0,2,1.0,1,0.7591654297106705,0.9999999999993916,1.1637734e-13
0.3,128,0.6066666666666667,1.0,2,1.0,1,0.9165539737482052,0.9999999999998124,1.3841212e-13
0.3,160,0.5133333333333333,1.0,2,1.0,1,0.812161231977219,0.9999999999997242,1.4160407e-13
0.3,167,0.5466666666666666,1.0,2,1.0,1,0.7732681085580185,0.9999999999995375,1.13448686e-13
0.3,175,0.66,1.0,2,1.0,1,0.8590229768704291,0.9999999999994457,1.4993096e-13
0.3,194,0.54,1.0,2,1.0,1,0.6617702482673065,0.9999999999995247,1.09006005e-13
0.3,156,0.5533333333333333,1.0,2,1.0,1,0.7564215057717748,0.9999999999995716,1.186311e-13
0.3,62,0.4266666666666667,1.0,2,1.0,1,0.7287766534700559,0.9999999999997672,1.225732e-13
0.3,91,0.6,1.0,2,1.0,1,0.7227819305688362,0.9999999999996921,1.12216395e-13
0.3,139,0.6666666666666666,1.0,2,1.0,1,0.8170700998934756,0.999999999999624,1.10334464e-13
0.3,130,0.3933333333333333,1.0,2,1.0,1,0.6711007380904717,0.9999999999995617,1.06121654e-13
0.3,165,0.5,1.0,2,1.0,1,0.6331000369427054,0.9999999999998149,1.10529444e-13
0.3,4,0.5866666666666667,1.0,2,1.0,1,0.8847501484450425,0.9999999999997857,1.3762704e-13
0.3,107,0.6066666666666667,1.0,2,1.0,1,0.6049559447504512,0.9999999999996344,7.917188e-14
0.3,77,0.6066666666666667,1.0,2,1.0,1,0.7886095643747641,0.9999999999993895,1.5703854e-13
0.3,139,0.56,1.0,2,1.0,1,0.7942333669193032,0.999999999999624,1.10334464e-13
0.3,183,0.56,1.0,2,1.0,1,0.8111160931684853,0.9999999999996643,1.02217944e-13
0.3,163,0.4266666666666667,1.0,3,1.0,1,0.7556186292440498,0.9999999999996457,1.10300766e-13
0.3,135,0.5333333333333333,1.0,2,1.0,1,0.8198336080275516,0.9999999999997367,1.1026918e-13
0.3,34,0.5533333333333333,1.0,2,1.0,1,0.8645038185411358,0.9999999999996939,1.4921139e-13
0.3,50,0.5466666666666666,1.0,2,1.0,1,0.8403310428537378,0.9999999999997936,1.3691258e-13
0.3,23,0.58,1.0,2,1.0,1,0.8414316206603959,0.999999999999733,1.1172297e-13
0.3,64,0.5733333333333334,1.0,2,1.0,1,0.8606526216027475,0.9999999999996709,1.12447906e-13
0.3,149,0.49333333333333335,1.0,2,1.0,1,0.7541158139399922,0.9999999999998174,1.0159429e-13
0.3,97,0.5733333333333334,1.0,2,1.0,1,0.7601603621861225,0.9999999999997867,1.2643597e-13
0.3,19,0.6133333333333333,1.0,2,1.0,1,0.886716653675994,0.9999999999998499,1.06017415e-13
0.3,43,0.66,1.0,2,1.0,1,0.8186000061353694,0.9999999999995451,1.1262278e-13
0.3,9,0.5333333333333333,1.0,2,1.0,1,0.7509181587818141,0.9999999999996128,1.311818e-13
0.3,142,0.5333333333333333,1.0,2,1.0,1,0.8793414823681422,0.9999999999997814,1.7332502e-13
0.3,103,0.5933333333333334,1.0,2,1.0,1,0.8168693975669872,0.9999999999995699,1.3389897e-13
0.3,56,0.6866666666666666,1.0,2,1.0,1,0.8130667375575285,0.9999999999993835,1.714059e-13
0.3,6,0.54,1.0,2,1.0,1,0.8156659926829364,0.9999999999996804,1.6263998e-13
0.3,22,0.47333333333333333,1.0,2,1.0,1,0.7962705740244296,0.9999999999993711,1.4204419e-13
0.3,12,0.5466666666666666,1.0,2,1.0,1,0.8103750175763853,0.9999999999997279,1.1239684e-13
0.3,93,0.5133333333333333,1.0,2,1.0,1,0.6785224692267048,0.9999999999995731,8.414748e-14
0.3,144,0.6733333333333333,1.0,2,1.0,1,0.8913785715783984,0.9999999999996532,1.3539643e-13
0.3,71,0.5333333333333333,1.0,2,1.0,1,0.8664739408475852,0.9999999999998145,1.0991501e-13
0.3,178,0.42,1.0,3,1.0,1,0.7841120896247655,0.9999999999998289,1.1331677e-13
0.4,169,0.44,1.0,2,1.0,1,0.8268377454579263,0.9999999999998078,1.3998087e-13
0.4,194,0.36,0.17333333333333334,3,0.09876543209876543,0,0.6346810605958817,0.7088276493877972,0.03664135
0.4,0,0.4866666666666667,1.0,2,1.0,1,0.6727603942340671,0.9999999999997998,1.5200784e-13
0.4,178,0.4533333333333333,1.0,2,1.0,1,0.7757870866763295,0.9999999999998289,1.1331677e-13
0.4,74,0.4533333333333333,1.0,2,1.0,1,0.781486209227209,0.9999999999997453,2.392303e-13
0.4,27,0.35333333333333333,1.0,3,1.0,1,0.7014464636240323,0.9999999999997238,1.3656265e-13
0.4,195,0.4533333333333333,1.0,2,1.0,1,0.7629232103384214,0.9999999999993987,1.3255281e-13
0.4,90,0.4066666666666667,1.0,3,1.0,1,0.7341344040544282,0.9999999999993794,9.5540356e-14
0.4,148,0.37333333333333335,0.26,4,0.08641975308641975,0,0.707373820048847,0.17014257915042494,0.1961355
0.4,135,0.4266666666666667,1.0,2,1.0,1,0.793319642463149,0.9999999999997367,1.1026918e-13
0.4,72,0.5,1.0,2,1.0,1,0.7680193921688513,0.9999999999998361,9.109901e-14
0.4,70,0.44666666666666666,1.0,2,1.0,1,0.7574671035995064,0.999999999999617,1.4656099e-13
0.4,120,0.41333333333333333,1.0,2,1.0,1,0.7372312087710867,0.9999999999998189,1.8241876e-13
0.4,169,0.42,1.0,2,1.0,1,0.8222995857624306,0.9999999999998078,1.3998087e-13
0.4,161,0.36,0.23333333333333334,2,0.13580246913580246,0,0.6836657119580825,0.5994213285830162,0.04992379
0.4,18,0.41333333333333333,0.2866666666666667,4,0.037037037037037035,0,0.6338681686119418,0.05971383130147591,0.15871483
0.4,156,0.36,0.2,2,0.08641975308641975,0,0.7433849373203918,0.1454181083189316,0.13249148
0.4,44,0.38,1.0,3,1.0,1,0.5806283334431701,0.9999999999996018,8.232535e-14
0.4,33,0.41333333333333333,1.0,3,1.0,1,0.8091788080666359,0.9999999999995361,7.860984e-14
0.4,63,0.41333333333333333,1.0,2,1.0,1,0.557993236298856,0.9999999999996736,1.0717822e-13
0.4,101,0.4,1.0,3,1.0,1,0.5548026402240054,0.9999999999996589,7.694079e-14
0.4,5,0.4,1.0,2,1.0,1,0.7446686321428962,0.9999999999996532,1.1235064e-13
0.4,65,0.5333333333333333,1.0,2,1.0,1,0.7559401680737743,0.9999999999995558,1.2668676e-13
0.4,16,0.52,1.0,2,1.0,1,0.7428639937158182,0.9999999999995982,1.4626287e-13
0.4,193,0.43333333333333335,1.0,2,1.0,1,0.7544717965553456,0.9999999999997483,1.0465855e-13
0.4,198,0.5333333333333333,1.0,2,1.0,1,0.6826935455944264,0.9999999999994229,1.1775444e-13
0.4,104,0.54,1.0,2,1.0,1,0.795245648419986,0.9999999999998244,1.6054484e-13
0.4,164,0.4533333333333333,1.0,2,1.0,1,0.43889540764230817,0.999999999998828,1.2541572e-13
0.4,172,0.3933333333333333,1.0,2,1.0,1,0.6850828762333873,0.9999999999995836,1.3871148e-13
0.4,109,0.26666666666666666,0.24666666666666667,4,0.09876543209876543,0,0.5795011362439978,0.18975206891843335,0.072965376
0.4,185,0.47333333333333333,1.0,2,1.0,1,0.7786952313430355,0.9999999999995909,1.4680947e-13
0.4,102,0.42,1.0,3,1.0,1,0.7516517410200202,0.9999999999998674,1.313553e-13
0.4,66,0.32,0.16666666666666666,3,0.09876543209876543,0,0.6641090867994306,0.1928011679379726,0.12400137
0.4,95,0.3333333333333333,0.20666666666666667,8,0.06172839506172839,0,0.7083134189735982,0.4890643490886295,0.073903374
0.4,138,0.43333333333333335,1.0,2,1.0,1,0.7090183980022128,0.9999999999996116,8.7888233e-14
0.4,101,0.4266666666666667,1.0,2,1.0,1,0.599689829193947,0.9999999999996589,7.694079e-14
0.4,2,0.4266666666666667,1.0,3,1.0,1,0.7837100246045139,0.999999999999697,1.4427833e-13
0.4,103,0.4066666666666667,1.0,3,1.0,1,0.6045916048161383,0.9999999999995699,1.3389897e-13
0.4,142,0.4533333333333333,1.0,2,1.0,1,0.6385713449107796,0.9999999999997814,1.7332502e-13
0.4,186,0.5466666666666666,1.0,2,1.0,1,0.768458057306969,0.9999999999997016,1.5404118e-13
0.4,141,0.4666666666666667,1.0,2,1.0,1,0.8360222576774817,0.9999999999997898,1.0391191e-13
0.4,12,0.44,1.0,2,1.0,1,0.796916845113207,0.9999999999997279,1.1239684e-13
0.4,73,0.36,0.22666666666666666,2,0.16049382716049382,0,0.6270249466432677,0.258935582571811,0.14357756
0.4,147,0.37333333333333335,0.15333333333333332,5,0.06172839506172839,0,0.6362561640009124,0.33472732229810703,0.100838445
0.4,84,0.38666666666666666,0.28,5,0.08641975308641975,0,0.5546484715095166,0.03469471809450441,0.17306012
0.4,186,0.48,1.0,2,1.0,1,0.7816615329927016,0.9999999999997016,1.5404118e-13
0.4,59,0.4666666666666667,1.0,2,1.0,1,0.832149021153454,0.9999999999995207,2.1012723e-13
0.4,26,0.3933333333333333,0.25333333333333335,2,0.13580246913580246,0,0.49748827804579543,0.0411201193548958,0.10952388
0.4,86,0.49333333333333335,1.0,2,1.0,1,0.7863164715378409,0.9999999999996984,9.6564995e-14
0.4,149,0.47333333333333333,1.0,2,1.0,1,0.6874253496960341,0.9999999999998174,1.0159429e-13
0.4,167,0.44,1.0,2,1.0,1,0.5845320804337053,0.9999999999995375,1.13448686e-13
0.4,102,0.4866666666666667,1.0,2,1.0,1,0.7398117091128121,0.9999999999998674,1.313553e-13
0.4,133,0.46,1.0,2,1.0,1,0.6552935289866043,0.99999999999941,5.667647e-14
0.4,126,0.44,1.0,2,1.0,1,0.6813543193388185,0.9999999999995511,1.0888758e-13
0.4,177,0.37333333333333335,0.22,4,0.1728395061728395,0,0.7664982579645497,0.33304125026172265,0.1194659
0.4,28,0.38666666666666666,0.22666666666666666,3,0.09876543209876543,0,0.5431238732067791,0.2339079725649662,0.074265696
0.4,144,0.5,1.0,2,1.0,1,0.7162519153817473,0.9999999999996532,1.3539643e-13
0.4,197,0.4866666666666667,1.0,2,1.0,1,0.7610495369340103,0.9999999999994842,7.9066555e-14
0.4,108,0.5333333333333333,1.0,2,1.0,1,0.7336257954168959,0.9999999999994066,1.6091676e-13
0.4,33,0.6,1.0,2,1.0,1,0.744948418034216,0.9999999999995361,7.860984e-14
0.5,92,0.30666666666666664,0.16,7,0.08641975308641975,0,0.5789509127877265,0.26395903109142926,0.109486505
0.5,156,0.43333333333333335,1.0,2,1.0,1,0.549204710598921,0.9999999999995716,1.186311e-13
0.5,147,0.2866666666666667,0.26,3,0.14814814814814814,0,0.6838354631956058,0.591560060203931,0.08543252
0.5,43,0.4533333333333333,1.0,2,1.0,1,0.4506604483278086,0.9999999999995451,1.1262278e-13
0.5,113,0.36666666666666664,1.0,3,1.0,1,0.6623580586754734,0.999999999999749,1.4736523e-13
0.5,108,0.35333333333333333,0.24666666666666667,8,0.08641975308641975,0,0.5831731021005213,0.2204757488080206,0.15700784
0.5,56,0.43333333333333335,1.0,2,1.0,1,0.6142638350213729,0.9999999999993835,1.714059e-13
0.5,50,0.31333333333333335,0.18,11,0.037037037037037035,0,0.5717197754879945,0.20929362468465446,0.18044324
0.5,27,0.34,0.19333333333333333,3,0.06172839506172839,0,0.3660696343123906,0.08965830441422049,0.17773494
0.5,103,0.32666666666666666,0.24,3,0.1111111111111111,0,0.7060626013674689,0.2169373946085349,0.12511894
0.5,48,0.2866666666666667,0.28,9,0.13580246913580246,0,0.6725182394988576,0.3697292525458423,0.14479029
0.5,131,0.35333333333333333,0.26,3,0.09876543209876543,0,0.604505710223634,0.7197066531600406,0.02790345
0.5,92,0.38,0.2,4,0.12345679012345678,0,0.7165642809388933,0.38219405140578777,0.11852723
0.5,155,0.31333333333333335,0.20666666666666667,2,0.08641975308641975,0,0.7578265177538157,0.3972698072399484,0.11936182
0.5,155,0.28,0.22,3,0.13580246913580246,0,0.7886747017303711,0.2820422725211849,0.14309752
0.5,93,0.38,1.0,2,1.0,1,0.7157523853817861,0.9999999999995731,8.414748e-14
0.5,40,0.4066666666666667,1.0,2,1.0,1,0.4950513861433038,0.9999999999996495,7.778937e-14
0.5,83,0.4266666666666667,1.0,2,1.0,1,0.7441869122083645,0.9999999999997398,8.6093316e-14
0.5,170,0.3933333333333333,1.0,3,1.0,1,0.684484665343985,0.9999999999997601,1.9131804e-13
0.5,76,0.3466666666666667,0.24,5,0.18518518518518517,0,0.8024956742698811,0.24692025920105656,0.14152195
0.5,154,0.4266666666666667,1.0,2,1.0,1,0.645969230004775,0.9999999999995212,8.21304e-14
0.5,14,0.34,0.14,2,0.09876543209876543,0,0.6671665371158123,0.36022937277609607,0.09816043
0.5,197,0.3933333333333333,1.0,3,1.0,1,0.6051972332011719,0.9999999999994842,7.9066555e-14
0.5,38,0.46,1.0,2,1.0,1,0.7420361261968398,0.9999999999997571,1.00103194e-13
0.5,128,0.44,1.0,2,1.0,1,0.8310203093327962,0.9999999999998124,1.3841212e-13
0.5,59,0.44666666666666666,1.0,2,1.0,1,0.7654508897983415,0.9999999999995207,2.1012723e-13
0.5,29,0.42,1.0,2,1.0,1,0.49984277120630816,0.999999999999396,1.2859017e-13
0.5,48,0.4,1.0,2,1.0,1,0.7219400099919142,0.999999999999648,1.7473575e-13
0.5,138,0.32,0.22,2,0.16049382716049382,0,0.7468038590365492,0.3113050951407932,0.090150855
0.5,167,0.4066666666666667,1.0,3,1.0,1,0.5760534146981551,0.9999999999995375,1.13448686e-13
0.5,88,0.41333333333333333,1.0,3,1.0,1,0.6042246985049761,0.9999999999997368,1.2301824e-13
0.5,18,0.5266666666666666,1.0,2,1.0,1,0.6257962390384898,0.9999999999997524,1.5230544e-13
0.5,187,0.38,0.17333333333333334,9,0.04938271604938271,0,0.7205781368503302,0.5763530463902297,0.102049544
0.5,42,0.30666666666666664,0.22666666666666666,3,0.07407407407407407,0,0.6281263882774902,0.3611782439360799,0.08775608
0.5,23,0.38666666666666666,1.0,3,1.0,1,0.7043997302629987,0.999999999999733,1.1172297e-13
0.5,134,0.36666666666666664,1.0,3,1.0,1,0.5659193975524285,0.9999999999996783,1.0724344e-13
0.5,160,0.36666666666666664,1.0,4,1.0,1,0.647775794894273,0.9999999999997242,1.4160407e-13
0.5,101,0.35333333333333333,0.24666666666666667,3,0.1728395061728395,0,0.46158387943497103,0.08164571881228848,0.11412907
0.5,93,0.37333333333333335,0.2,10,0.07407407407407407,0,0.5396416410458097,0.5740480868279275,0.089076586
0.5,96,0.25333333333333335,0.26,3,0.08641975308641975,0,0.5955745526752925,0.27014811229208974,0.13382262
0.5,106,0.38666666666666666,1.0,3,1.0,1,0.6030142682506017,0.999999999999789,1.4250229e-13
0.5,102,0.36666666666666664,0.29333333333333333,11,0.04938271604938271,0,0.5888234751825202,0.19019428475530428,0.16420111
0.5,174,0.24666666666666667,0.16666666666666666,3,0.14814814814814814,0,0.4704582150239634,-0.02185174956237712,0.22990069
0.5,48,0.4,1.0,3,1.0,1,0.7110624119418143,0.999999999999648,1.7473575e-13
0.5,158,0.34,0.20666666666666667,2,0.16049382716049382,0,0.5670724207900104,0.11996411848157935,0.14158827
0.5,142,0.4533333333333333,1.0,2,1.0,1,0.6572963580739636,0.9999999999997814,1.7332502e-13
0.5,167,0.3933333333333333,1.0,3,1.0,1,0.42202826088328277,0.9999999999995375,1.13448686e-13
0.5,188,0.4666666666666667,1.0,2,1.0,1,0.6497903732605749,0.9999999999997674,9.505444e-14
0.5,119,0.34,0.2,5,0.13580246913580246,0,0.5160615890544291,0.14798905540684093,0.1527368
0.5,137,0.4066666666666667,1.0,2,1.0,1,0.6539194237933903,0.999999999999713,1.1871995e-13
0.5,150,0.4,1.0,2,1.0,1,0.8131408851236179,0.9999999999998818,8.248164e-14
0.5,161,0.38,1.0,2,1.0,1,0.6035776163003698,0.9999999999996217,1.0200863e-13
0.5,21,0.48,1.0,2,1.0,1,0.772541017541341,0.9999999999997748,6.2432244e-14
0.5,7,0.38,1.0,3,1.0,1,0.5323757514555261,0.9999999999998489,1.4896053e-13
0.5,67,0.28,0.24,4,0.12345679012345678,0,0.6037603413088065,0.26492593615859533,0.14196154
0.5,87,0.4533333333333333,1.0,2,1.0,1,0.660669722295434,0.9999999999997549,7.789876e-14
0.5,101,0.38666666666666666,0.24666666666666667,4,0.1728395061728395,0,0.5165208650433829,0.08164571881228848,0.11412907
0.5,184,0.3466666666666667,0.22666666666666666,2,0.16049382716049382,0,0.674743037473584,0.31686726010759414,0.09536747
0.5,134,0.49333333333333335,1.0,2,1.0,1,0.7401956700853121,0.9999999999996783,1.0724344e-13
0.5,34,0.4066666666666667,1.0,2,1.0,1,0.5894440760427673,0.9999999999996939,1.4921139e-13
0.6,73,0.29333333333333333,0.18,3,0.07407407407407407,0,0.5300585753101916,0.5771713269298846,0.09946567
0.6,193,0.3933333333333333,0.22,10,0.07407407407407407,0,0.5043849167510948,0.5204336565817563,0.08681205
0.6,91,0.29333333333333333,0.19333333333333333,3,0.16049382716049382,0,0.46701046426345355,0.10364730463166044,0.1189097
0.6,182,0.36666666666666664,0.19333333333333333,2,0.12345679012345678,0,0.5164111488762043,0.2501861598561275,0.10782238
0.6,166,0.3466666666666667,0.23333333333333334,16,0.06172839506172839,0,0.6519066600537131,0.31174810303998735,0.0809062
0.6,149,0.28,0.17333333333333334,3,0.14814814814814814,0,0.4952904809514797,0.18650624597502055,0.12247839
0.6,102,0.41333333333333333,1.0,2,1.0,1,0.6922794972737876,0.9999999999998674,1.313553e-13
0.6,78,0.28,0.23333333333333334,6,0.07407407407407407,0,0.4904818203937457,0.2664302600149474,0.106950976
0.6,69,0.4,1.0,2,1.0,1,0.6247993536886837,0.9999999999996169,8.362141e-14
0.6,127,0.32666666666666666,0.15333333333333332,4,0.09876543209876543,0,0.5910166194299059,0.22486068641318707,0.14254962
0.6,61,0.3466666666666667,0.2,5,0.1111111111111111,0,0.6149295113941803,0.3334450818568394,0.088741906
0.6,157,0.41333333333333333,1.0,2,1.0,1,0.6137661589469623,0.9999999999997984,7.8104366e-14
0.6,130,0.32666666666666666,0.26,4,0.04938271604938271,0,0.42464635200049805,0.2718590860033757,0.13836814
0.6,56,0.3466666666666667,0.2,3,0.06172839506172839,0,0.5619957024625707,0.03504904904657587,0.12496587
0.6,47,0.4266666666666667,1.0,3,1.0,1,0.42773286195156585,0.9999999999994847,1.5908492e-13
0.6,105,0.36,0.24666666666666667,2,0.19753086419753085,0,0.749978038618861,0.0782679238009036,0.2008537
0.6,88,0.36,0.23333333333333334,8,0.14814814814814814,0,0.6338479156067176,0.42694228331970097,0.121862724
0.6,81,0.26666666666666666,0.22,3,0.08641975308641975,0,0.4405019629520433,0.24495661326015805,0.107782066
0.6,133,0.2866666666666667,0.16,3,0.04938271604938271,0,0.3541203783062962,0.35104688499217745,0.052995566
0.6,110,0.26666666666666666,0.28,3,0.1111111111111111,0,0.6321470427480151,0.19376156541396022,0.14217326
0.6,144,0.43333333333333335,1.0,2,1.0,1,0.7741141083325302,0.9999999999996532,1.3539643e-13
0.6,193,0.32,0.2,3,0.12345679012345678,0,0.4178860398816581,0.4787569031365313,0.07849325
0.6,105,0.34,0.2,16,0.16049382716049382,0,0.7434921039227914,0.31615038743247414,0.16271171
0.6,193,0.37333333333333335,0.18666666666666668,7,0.04938271604938271,0,0.5519910452957528,0.30028944719758227,0.12083112
0.6,34,0.3466666666666667,0.20666666666666667,5,0.037037037037037035,0,0.613310255623383,0.32321494313656784,0.17085966
0.6,190,0.35333333333333333,0.23333333333333334,4,0.13580246913580246,0,0.4439270265180955,0.24451263150845742,0.14844051
0.6,146,0.31333333333333335,0.26,3,0.09876543209876543,0,0.4688287407753913,0.26585865975058776,0.1124829
0.6,84,0.3333333333333333,0.16666666666666666,3,0.08641975308641975,0,0.48051071797655237,0.20215311787370824,0.14854726
0.6,11,0.14666666666666667,0.16666666666666666,2,0.12345679012345678,0,0.49974289648632225,0.8629830663910124,0.014269987
0.6,81,0.38,0.19333333333333333,2,0.18518518518518517,0,0.6154659088493366,0.23243492764637505,0.11304873
0.6,76,0.36,0.26666666666666666,2,0.07407407407407407,0,0.4566025089776652,0.20275314367219122,0.15331864
0.6,3,0.49333333333333335,1.0,2,1.0,1,0.7389231841370022,0.9999999999996283,1.640671e-13
0.6,184,0.34,0.24,3,0.1728395061728395,0,0.49449480688597564,0.22908781407296064,0.105107754
0.6,183,0.32666666666666666,0.20666666666666667,5,0.12345679012345678,0,0.5576910971626197,0.12579955537729498,0.16729598
0.6,164,0.3933333333333333,1.0,3,1.0,1,0.6642601558828036,0.999999999998828,1.2541572e-13
0.6,140,0.4,1.0,2,1.0,1,0.44037281955182234,0.9999999999997126,1.1790062e-13
0.6,25,0.28,0.18,2,0.13580246913580246,0,0.4571971430190737,0.30853177348036626,0.14621083
0.6,121,0.2866666666666667,0.18666666666666668,12,0.14814814814814814,0,0.46138091902206446,0.22514078711037588,0.13622539
0.6,145,0.38,0.16666666666666666,2,0.13580246913580246,0,0.6930158044739906,0.40966425916275345,0.08361781
0.6,33,0.42,1.0,2,1.0,1,0.3487040954541765,0.9999999999995361,7.860984e-14
0.6,177,0.32,0.21333333333333335,3,0.09876543209876543,0,0.6837550865810954,0.2838839622577763,0.1360248
0.6,74,0.37333333333333335,1.0,3,1.0,1,0.5426446060683977,0.9999999999997453,2.392303e-13
0.6,59,0.2866666666666667,0.16,2,0.07407407407407407,0,0.7143240189478306,0.3124335030350839,0.12929972
0.6,119,0.25333333333333335,0.19333333333333333,9,0.1111111111111111,0,0.4766433970228201,0.2699557492880147,0.13203055
0.6,121,0.31333333333333335,0.20666666666666667,2,0.1111111111111111,0,0.6256774136635429,0.08998058859711724,0.13979423
0.6,28,0.46,1.0,2,1.0,1,0.5301538460984389,0.9999999999992477,9.858433e-14
0.6,106,0.2866666666666667,0.22,4,0.06172839506172839,0,0.6344945056582582,0.31351339092443653,0.13980676
0.6,35,0.38666666666666666,1.0,3,1.0,1,0.6358920991957697,0.9999999999997725,1.4273054e-13
0.6,25,0.36,0.28,13,0.12345679012345678,0,0.6050313759561134,0.2473144790157262,0.16555107
0.6,113,0.31333333333333335,0.32666666666666666,7,0.06172839506172839,0,0.4761959813930106,0.18005421237689678,0.17120478
0.6,174,0.37333333333333335,0.21333333333333335,3,0.09876543209876543,0,0.35632252239953643,0.06223199075360913,0.17076796
0.6,48,0.2866666666666667,0.18666666666666668,8,0.16049382716049382,0,0.4239651329606822,0.4489302047364754,0.12201188
0.6,199,0.3933333333333333,1.0,2,1.0,1,0.7026202152600216,0.9999999999996606,1.4393592e-13
0.6,41,0.38666666666666666,0.23333333333333334,2,0.09876543209876543,0,0.7084699079281177,0.2068510413337559,0.131002
0.6,172,0.28,0.18,10,0.04938271604938271,0,0.35597961193704697,0.21934215036562324,0.13358432
0.6,143,0.36,0.19333333333333333,3,0.12345679012345678,0,0.6607578451303598,0.7265164220847949,0.04873177
0.6,95,0.25333333333333335,0.2,11,0.2345679012345679,0,0.6861356486214347,0.39301980509914297,0.11050705
0.6,92,0.4,0.26666666666666666,2,0.08641975308641975,0,0.4811770136831011,0.2802272864148961,0.09304241
0.6,106,0.2866666666666667,0.23333333333333334,3,0.13580246913580246,0,0.44532235557098243,0.1398785039322721,0.1509935
0.6,188,0.29333333333333333,0.19333333333333333,3,0.18518518518518517,0,0.7951891863290315,0.7259453843950496,0.050496392
0.8,119,0.26,0.18,2,0.08641975308641975,0,0.39980078015390724,0.07125626462941094,0.16734691
0.8,0,0.31333333333333335,0.25333333333333335,2,0.1728395061728395,0,0.5084970464338696,0.047541186829915136,0.1388007
0.8,149,0.32,0.23333333333333334,5,0.08641975308641975,0,0.5040349214808193,0.3879164756965657,0.1261111
0.8,113,0.29333333333333333,0.25333333333333335,6,0.07407407407407407,0,0.6732389527392013,-0.00585591935735908,0.21765482
0.8,128,0.37333333333333335,0.20666666666666667,6,0.07407407407407407,0,0.7572050561394946,0.44627227514418794,0.10442502
0.8,1,0.44,1.0,2,1.0,1,0.5042031638831752,0.999999999999604,7.890283e-14
0.8,27,0.25333333333333335,0.16,5,0.08641975308641975,0,0.5586789830138441,0.29492843096061633,0.17701164
0.8,90,0.36666666666666664,0.21333333333333335,4,0.09876543209876543,0,0.5533986826083571,0.18698492478342468,0.14035583
0.8,191,0.24666666666666667,0.22,3,0.09876543209876543,0,0.5754187113910606,0.19433513459509758,0.12197104
0.8,1,0.4066666666666667,1.0,2,1.0,1,0.6864513503664154,0.999999999999604,7.890283e-14
0.8,174,0.32,0.23333333333333334,4,0.12345679012345678,0,0.35824479344235505,0.2692116054267501,0.13699284
0.8,8,0.31333333333333335,0.17333333333333334,12,0.12345679012345678,0,0.28341293883941493,0.2049484294770573,0.13723737
0.8,40,0.38,1.0,3,1.0,1,0.5818083807021046,0.9999999999996495,7.778937e-14
0.8,7,0.2866666666666667,0.18666666666666668,3,0.1111111111111111,0,0.6186685717073948,0.15072069416391976,0.19222696
0.8,131,0.3,0.20666666666666667,7,0.1111111111111111,0,0.3949175291753952,0.022909100545335098,0.15755811
0.8,128,0.29333333333333333,0.29333333333333333,4,0.12345679012345678,0,0.6097846786881647,0.2880987591155935,0.14081305
0.8,138,0.22,0.22666666666666666,2,0.04938271604938271,0,0.4419475731406993,0.2556642573102366,0.09777774
0.8,109,0.29333333333333333,0.26,3,0.1728395061728395,0,0.4506290103271668,0.7556023228189683,0.0271279
0.8,182,0.34,0.21333333333333335,3,0.04938271604938271,0,0.45754082970819165,0.3314806952323839,0.12629233
0.8,105,0.26666666666666666,0.13333333333333333,3,0.012345679012345678,0,0.3676999953662323,0.27566787778729623,0.17462812
0.8,158,0.28,0.18666666666666668,2,0.06172839506172839,0,0.4399993205881313,0.20277579627106748,0.13430765
0.8,142,0.25333333333333335,0.2,2,0.1728395061728395,0,0.3435677053233648,0.11925586924751787,0.17417037
0.8,155,0.2866666666666667,0.22,3,0.12345679012345678,0,0.7286120087265797,0.710306240231044,0.06636986
0.8,28,0.2866666666666667,0.11333333333333333,3,0.14814814814814814,0,0.45095340342140366,0.3148123302994809,0.08154685
0.8,186,0.38666666666666666,1.0,3,1.0,1,0.37733584492303873,0.9999999999997016,1.5404118e-13
0.8,100,0.26,0.18666666666666668,3,0.09876543209876543,0,0.641957988616595,0.23280157129845339,0.13171226
0.8,79,0.29333333333333333,0.18666666666666668,2,0.12345679012345678,0,0.1944683892486304,0.5198483567115558,0.049167193
0.8,124,0.3333333333333333,0.24666666666666667,3,0.14814814814814814,0,0.42385777505362543,0.3373395701294936,0.1332443
0.8,181,0.24666666666666667,0.32,11,0.08641975308641975,0,0.4464956112106138,0.5554368690012105,0.1367587
0.8,173,0.5533333333333333,1.0,2,1.0,1,0.3368100292867722,0.9999999999994288,8.485163e-14
0.8,14,0.3933333333333333,1.0,3,1.0,1,0.5657235694655712,0.9999999999997486,8.5023887e-14
0.8,174,0.28,0.17333333333333334,14,0.1728395061728395,0,0.49333451418943775,0.17691753071176652,0.16721058
0.8,148,0.32666666666666666,0.13333333333333333,3,0.1728395061728395,0,0.5057245915728794,0.11164465844059056,0.21144862
0.8,55,0.24666666666666667,0.19333333333333333,2,0.1111111111111111,0,0.5365705950520498,0.2011940597669634,0.2162314
0.8,162,0.3,0.18,3,0.09876543209876543,0,0.24115200207280196,0.5161838037208718,0.073930025
0.8,148,0.28,0.16,4,0.13580246913580246,0,0.6104632827155274,0.10684238583044588,0.21040002
0.8,47,0.24666666666666667,0.20666666666666667,7,0.08641975308641975,0,0.3782420899506327,0.305952513989393,0.12489169
0.8,134,0.24,0.21333333333333335,3,0.1111111111111111,0,0.3047638877704606,0.26829591863937235,0.11416571
0.8,34,0.3333333333333333,0.21333333333333335,3,0.13580246913580246,0,0.463197721519608,0.14332020827513237,0.14690836
0.8,194,0.3933333333333333,1.0,3,1.0,1,0.6218303861926409,0.9999999999995247,1.09006005e-13
0.8,128,0.38666666666666666,1.0,3,1.0,1,0.5765506923924394,0.9999999999998124,1.3841212e-13
0.8,165,0.2733333333333333,0.18666666666666668,7,0.12345679012345678,0,0.49470160341743014,0.25567413816867446,0.14211275
0.8,97,0.29333333333333333,0.22,3,0.08641975308641975,0,0.5576745369773335,0.3167256199835126,0.11220977
0.8,100,0.2733333333333333,0.21333333333333335,3,0.07407407407407407,0,0.7100072608494161,0.603969218938757,0.086033575
0.8,130,0.28,0.16666666666666666,3,0.09876543209876543,0,0.5373166114760116,0.11478325516053768,0.120920315
0.8,49,0.2733333333333333,0.20666666666666667,6,0.09876543209876543,0,0.3663029326331029,0.10113048565216527,0.21233237
0.8,152,0.24,0.23333333333333334,3,0.07407407407407407,0,0.5978760281428258,0.29242378795143165,0.16463877
0.8,157,0.29333333333333333,0.18,2,0.12345679012345678,0,0.40720151133170224,0.36361078506732425,0.08203609
0.8,34,0.22666666666666666,0.22,2,0.08641975308641975,0,0.5430493688398079,0.1425498358533729,0.14025864
0.8,142,0.24,0.20666666666666667,6,0.09876543209876543,0,0.3925452059271246,0.15694455518340805,0.16643442
0.8,127,0.2866666666666667,0.2,3,0.08641975308641975,0,0.5044249547929837,0.12829250516063564,0.104127005
0.8,74,0.32,0.2,13,0.1111111111111111,0,0.5340020205136252,0.20799513726401078,0.20020849
0.8,179,0.29333333333333333,0.20666666666666667,5,0.1111111111111111,0,0.3773838390781704,0.37826414917754725,0.14287286
0.8,170,0.26666666666666666,0.2,2,0.13580246913580246,0,0.42246719132909216,0.06700809281114381,0.17714004
0.8,11,0.34,1.0,3,1.0,1,0.6584044894860495,0.999999999999386,9.8115784e-14
0.8,197,0.32666666666666666,0.22,2,0.04938271604938271,0,0.22612604333084035,0.31326466772700734,0.07849454
0.8,80,0.18666666666666668,0.18666666666666668,2,0.06172839506172839,0,0.5090545770084561,0.29718844100856606,0.14455616
0.8,104,0.31333333333333335,0.24666666666666667,3,0.08641975308641975,0,0.4198599675256025,0.06289954329931667,0.18269175
0.8,130,0.26,0.17333333333333334,3,0.07407407407407407,0,0.5707537227112852,0.25274219831317124,0.13851698
0.8,3,0.36666666666666664,0.24666666666666667,3,0.12345679012345678,0,0.45342755540662794,0.30373806347166055,0.158709
1.0,73,0.2866666666666667,0.22,8,0.12345679012345678,0,0.6010951934875788,0.2472673377943628,0.17268598
1.0,174,0.32,0.18666666666666668,11,0.14814814814814814,0,0.46187147528649736,0.10351048568643063,0.18970244
1.0,176,0.16666666666666666,0.19333333333333333,3,0.14814814814814814,0,0.28530825983618374,0.2196615903367399,0.13297607
1.0,157,0.19333333333333333,0.19333333333333333,3,0.14814814814814814,0,0.45704471066149066,0.2797585943327249,0.13003716
1.0,75,0.2866666666666667,0.23333333333333334,3,0.13580246913580246,0,0.29492121670449645,0.18740562517621934,0.12425533
1.0,55,0.3466666666666667,0.19333333333333333,4,0.1111111111111111,0,0.6612299740833315,0.2011940597669634,0.2162314
1.0,187,0.25333333333333335,0.18,3,0.16049382716049382,0,0.6742789848857412,0.4250935199048467,0.1260922
1.0,78,0.32,0.26,5,0.13580246913580246,0,0.5152611622660969,0.38276806651823214,0.12555034
1.0,121,0.20666666666666667,0.18,6,0.1111111111111111,0,0.5172743945829185,0.13233268826698563,0.12508911
1.0,61,0.4066666666666667,1.0,3,1.0,1,0.6139630206178395,0.9999999999996619,1.2038367e-13
1.0,27,0.32666666666666666,0.22,2,0.06172839506172839,0,0.565620211189598,-0.02019686841763667,0.14886977
1.0,102,0.24666666666666667,0.25333333333333335,4,0.09876543209876543,0,0.5021110157679931,0.5194184276713891,0.10674746
1.0,191,0.2733333333333333,0.25333333333333335,3,0.1111111111111111,0,0.38831487767774175,0.20645793863900447,0.12497647
1.0,50,0.29333333333333333,0.21333333333333335,4,0.07407407407407407,0,0.564766429661181,0.32354828851305434,0.13186422
1.0,93,0.3,0.25333333333333335,4,0.16049382716049382,0,0.608068077886964,0.4657809017003632,0.089663304
1.0,57,0.2733333333333333,0.22,7,0.1728395061728395,0,0.5081335682265757,0.2701463021907358,0.1412138
1.0,43,0.3466666666666667,0.22666666666666666,3,0.04938271604938271,0,0.29829920873164834,0.34550527649107965,0.10089506
1.0,132,0.30666666666666664,0.21333333333333335,4,0.12345679012345678,0,0.388954856698925,0.07446489306386377,0.12696739
1.0,84,0.3,0.25333333333333335,8,0.07407407407407407,0,0.4128932560751369,0.2941608686065466,0.14787473
1.0,86,0.32,0.19333333333333333,2,0.09876543209876543,0,0.5251226327393134,0.39165865932389854,0.095255695
1.0,171,0.2733333333333333,0.24,13,0.1111111111111111,0,0.6492524457152726,0.0631617776560518,0.16104046
1.0,144,0.3466666666666667,0.23333333333333334,2,0.1728395061728395,0,0.47298045625805496,0.46015266166414914,0.088144146
1.0,144,0.32,0.19333333333333333,5,0.07407407407407407,0,0.5546282216033338,0.41440739987783953,0.13129032
1.0,183,0.26,0.2,5,0.09876543209876543,0,0.37768029539502346,0.29093179141356873,0.09979592
1.0,97,0.2733333333333333,0.2,3,0.13580246913580246,0,0.5220198080287979,0.5948053652033335,0.07584447
1.0,1,0.25333333333333335,0.22666666666666666,3,0.14814814814814814,0,0.3307718024662053,0.36847319017365426,0.112665914
1.0,136,0.31333333333333335,0.18666666666666668,12,0.1728395061728395,0,0.7416669064370324,0.5257946909882545,0.12013978
1.0,173,0.22,0.23333333333333334,6,0.16049382716049382,0,0.46189475952221803,0.029977602290641957,0.21522075
1.0,17,0.26666666666666666,0.22,3,0.1111111111111111,0,0.6729421509804723,0.4009707427977293,0.11628111
1.0,166,0.3466666666666667,0.19333333333333333,3,0.09876543209876543,0,0.437292641761074,0.2752111358046862,0.081110194
1.0,52,0.43333333333333335,0.24666666666666667,12,0.06172839506172839,0,0.5232166961759157,0.34693510272971734,0.08072844
1.0,114,0.26,0.23333333333333334,2,0.14814814814814814,0,0.5850882891895572,0.41463182582708563,0.15780178
1.0,1,0.26,0.18666666666666668,2,0.2222222222222222,0,0.5885052859168687,0.007254964805026955,0.110336885
1.0,23,0.28,0.22,11,0.24691358024691357,0,0.4097669315975104,0.524065491299764,0.091926314
1.0,157,0.36666666666666664,1.0,3,1.0,1,0.5783149592687225,0.9999999999997984,7.8104366e-14
1.0,34,0.24666666666666667,0.20666666666666667,4,0.06172839506172839,0,0.5162795106631102,0.12923686455224276,0.1386663
1.0,196,0.26666666666666666,0.15333333333333332,6,0.19753086419753085,0,0.574558152963281,0.4228121663008919,0.11739642
1.0,150,0.36,0.23333333333333334,2,0.09876543209876543,0,0.6632342307649517,0.37745037353119537,0.1086498
1.0,120,0.28,0.24,7,0.14814814814814814,0,0.29383383217845943,0.2852350658132276,0.17710553
1.0,188,0.23333333333333334,0.23333333333333334,6,0.06172839506172839,0,0.6152888324515351,0.11563363613020099,0.20027356
1.0,148,0.32666666666666666,0.23333333333333334,3,0.06172839506172839,0,0.5932502399301282,0.3491864899956146,0.17222525
1.0,89,0.29333333333333333,0.26666666666666666,11,0.16049382716049382,0,0.4370837897870766,0.09726360094104904,0.17263217
1.0,14,0.31333333333333335,0.22,4,0.12345679012345678,0,0.5128758769037227,0.152583673696685,0.10459137
1.0,149,0.21333333333333335,0.2,4,0.09876543209876543,0,0.2538382844243052,0.2868981706549221,0.12403678
1.0,190,0.24666666666666667,0.16666666666666666,4,0.08641975308641975,0,0.628289465279681,0.5197568053991527,0.056872483
1.0,59,0.24,0.16,3,0.07407407407407407,0,0.5759717471101532,0.3124335030350839,0.12929972
1.0,120,0.3466666666666667,0.21333333333333335,4,0.14814814814814814,0,0.566988015438682,0.19947360798214944,0.18485147
1.0,133,0.20666666666666667,0.19333333333333333,3,0.12345679012345678,0,0.5070282950832895,0.353810964910435,0.108805686
1.0,56,0.2733333333333333,0.24,5,0.14814814814814814,0,0.3077699494079373,0.2379863835126503,0.11619552
1.0,66,0.29333333333333333,0.16666666666666666,6,0.12345679012345678,0,0.6068349909235287,0.30430998982426694,0.103434876
1.0,90,0.2866666666666667,0.22666666666666666,7,0.1111111111111111,0,0.5319098141654959,0.30913745793137687,0.10290286
1.0,91,0.19333333333333333,0.20666666666666667,2,0.12345679012345678,0,0.4077981641425433,0.1871687425162522,0.10974702
1.0,174,0.28,0.19333333333333333,3,0.13580246913580246,0,0.4212920321196958,0.051522534465267056,0.19409572
1.0,86,0.30666666666666664,0.17333333333333334,3,0.12345679012345678,0,0.4976113243559579,0.3961545195739048,0.08031305
1.0,188,0.36,0.25333333333333335,3,0.24691358024691357,0,0.7114735815618549,0.2337276518957092,0.12255735
1.0,106,0.32,0.26666666666666666,3,0.037037037037037035,0,0.4835423417334431,0.17225752559253055,0.14896691
1.0,43,0.36,0.21333333333333335,5,0.14814814814814814,0,0.5135359314117633,0.4670080638061062,0.09737947
1.0,85,0.2733333333333333,0.2733333333333333,2,0.20987654320987653,0,0.48025140020597457,0.41259325166204874,0.09374802
1.0,181,0.2733333333333333,0.21333333333333335,2,0.12345679012345678,0,0.6264159957504556,0.2453669606875329,0.19781083
1.0,164,0.26,0.17333333333333334,4,0.09876543209876543,0,0.14836729338442883,0.4530481176585718,0.052117553
1.5,3,0.24666666666666667,0.18,3,0.1728395061728395,0,0.551339583605288,0.4907261762354918,0.11303387
1.5,132,0.17333333333333334,0.23333333333333334,3,0.18518518518518517,0,0.30756182516452374,0.8670544250355907,0.022549309
1.5,45,0.32,0.16666666666666666,4,0.12345679012345678,0,0.45974196034630993,0.3210366374580579,0.13056172
1.5,134,0.18666666666666668,0.24,4,0.08641975308641975,0,0.4869644793466533,0.410514512296067,0.13653535
1.5,73,0.26666666666666666,0.15333333333333332,3,0.1111111111111111,0,0.5392921029774161,0.4104135523109135,0.12793843
1.5,77,0.26,0.18,13,0.07407407407407407,0,0.24822099945659465,0.26458674646556024,0.09997928
1.5,165,0.18666666666666668,0.16666666666666666,7,0.19753086419753085,0,0.2710147434139633,0.3033827980802136,0.1094162
1.5,26,0.2,0.17333333333333334,2,0.09876543209876543,0,0.24528153651830595,0.20864858211676357,0.13282017
1.5,53,0.24,0.21333333333333335,3,0.06172839506172839,0,0.3832867408946075,0.02080711686289897,0.13146225
1.5,29,0.31333333333333335,0.2733333333333333,6,0.20987654320987653,0,0.4762306811469118,0.1171401800910142,0.14974631
1.5,77,0.26,0.22666666666666666,3,0.13580246913580246,0,0.41602548830316327,0.30695858485015387,0.083509944
1.5,61,0.3,0.2,2,0.06172839506172839,0,0.49870567987563014,0.284636083400954,0.11632515
1.5,166,0.2866666666666667,0.19333333333333333,18,0.09876543209876543,0,0.44357566427130174,0.22419267104191978,0.13258605
1.5,28,0.31333333333333335,0.23333333333333334,3,0.12345679012345678,0,0.4313841504147824,0.15040785222980768,0.10871052
1.5,131,0.17333333333333334,0.22666666666666666,4,0.1111111111111111,0,0.3697548974000455,0.4010450586886082,0.11362835
1.5,91,0.35333333333333333,0.22666666666666666,14,0.07407407407407407,0,0.4786284418957116,0.12185393758684246,0.11931108
1.5,102,0.18666666666666668,0.21333333333333335,2,0.12345679012345678,0,0.44102801853678164,0.37178832236974424,0.12356069
1.5,117,0.31333333333333335,0.22,2,0.20987654320987653,0,0.3827958707166284,0.2705179493089194,0.105264366
1.5,56,0.26,0.26,3,0.20987654320987653,0,0.24121891744929722,0.16515328775822533,0.14863375
1.5,100,0.24666666666666667,0.14666666666666667,2,0.08641975308641975,0,0.4760086016359042,0.5740037124716731,0.07638778
1.5,160,0.23333333333333334,0.21333333333333335,3,0.06172839506172839,0,0.41856326758156115,0.2419413069753588,0.1332477
1.5,166,0.29333333333333333,0.23333333333333334,2,0.1111111111111111,0,0.4867730273462619,0.34166880944862343,0.11036514
1.5,155,0.24,0.17333333333333334,3,0.14814814814814814,0,0.6650215209222948,0.32489077474306705,0.13608107
1.5,5,0.30666666666666664,0.17333333333333334,3,0.20987654320987653,0,0.7434427143488745,0.18580980750835577,0.16820014
1.5,68,0.30666666666666664,0.2,6,0.04938271604938271,0,0.2466846490931599,0.2833704081860205,0.07091216
1.5,117,0.2,0.24666666666666667,6,0.09876543209876543,0,0.5133098276920669,0.3867235337136724,0.118094325
1.5,118,0.22,0.18,9,0.06172839506172839,0,0.6307050517600387,0.47607573901391403,0.13750266
1.5,177,0.18,0.16,6,0.13580246913580246,0,0.6223953067510095,0.4031746847818475,0.12780222
1.5,32,0.18666666666666668,0.16,3,0.07407407407407407,0,0.5689305955127062,0.36074297988992954,0.15257192
1.5,152,0.32,0.19333333333333333,5,0.14814814814814814,0,0.7159009940345272,0.5618327979018308,0.11382358
1.5,182,0.3,0.2,2,0.18518518518518517,0,0.4386784698346178,0.2837812255718537,0.1262664
1.5,178,0.25333333333333335,0.22,7,0.09876543209876543,0,0.515078999539611,0.21308795310526832,0.16690014
1.5,198,0.19333333333333333,0.17333333333333334,3,0.14814814814814814,0,0.4068185212001984,0.16573032009664626,0.152379
1.5,94,0.26666666666666666,0.17333333333333334,12,0.07407407407407407,0,0.3586537297851531,0.02897533671959033,0.17308332
1.5,0,0.29333333333333333,0.26666666666666666,3,0.09876543209876543,0,0.3065366404589532,0.192186569132454,0.12055362
1.5,172,0.18666666666666668,0.23333333333333334,2,0.1111111111111111,0,0.5828039697704126,0.2787022953908476,0.1144235
1.5,29,0.3333333333333333,0.18666666666666668,2,0.06172839506172839,0,0.5240512894273784,0.10662530913830803,0.12510522
1.5,75,0.24,0.25333333333333335,5,0.04938271604938271,0,0.3826484579188217,0.2650362724419001,0.11944864
1.5,192,0.25333333333333335,0.17333333333333334,4,0.07407407407407407,0,0.4868156708061436,0.21736165811468033,0.13142051
1.5,119,0.24,0.19333333333333333,3,0.08641975308641975,0,0.34820057488263423,0.002682318289983213,0.15956832
1.5,180,0.32,0.15333333333333332,5,0.07407407407407407,0,0.6358353582680362,0.4079911260412377,0.119320385
1.5,52,0.31333333333333335,0.22,3,0.06172839506172839,0,0.4114970549461684,0.3809480654639489,0.09652083
1.5,87,0.24666666666666667,0.20666666666666667,5,0.14814814814814814,0,0.4718335448844243,0.5769529363279341,0.0591936
1.5,74,0.34,0.22666666666666666,5,0.1111111111111111,0,0.4588964973025613,-0.0034139930492561475,0.23774034
1.5,143,0.26666666666666666,0.28,2,0.07407407407407407,0,0.39633699669176836,0.27573334255204596,0.1160222
1.5,101,0.22,0.23333333333333334,2,0.09876543209876543,0,0.3189080925116739,0.09689272158794066,0.14354765
1.5,155,0.22,0.21333333333333335,6,0.12345679012345678,0,0.5869615768880195,0.3886525069337894,0.13805169
1.5,22,0.32,0.22666666666666666,6,0.18518518518518517,0,0.6293373653158508,-0.06093438379583223,0.18568861
1.5,7,0.24,0.25333333333333335,12,0.14814814814814814,0,0.34287321839286306,0.0976935024648422,0.2079112
1.5,191,0.28,0.22666666666666666,5,0.1111111111111111,0,0.31900625325893084,0.21689850645535505,0.13408063
1.5,198,0.24666666666666667,0.18,6,0.1111111111111111,0,0.30144318045970064,0.14255459686307673,0.14446576
1.5,92,0.28,0.16666666666666666,11,0.08641975308641975,0,0.4254769410343821,0.1653858252138546,0.14120032
1.5,103,0.25333333333333335,0.2,3,0.12345679012345678,0,0.5903912403205321,0.2802514646171183,0.1413712
1.5,91,0.34,0.18666666666666668,5,0.12345679012345678,0,0.5174102658009363,0.1859204758696065,0.11043591
1.5,103,0.26,0.24,9,0.06172839506172839,0,0.44132642284464163,0.33590015824302455,0.11267138
1.5,175,0.18666666666666668,0.17333333333333334,2,0.18518518518518517,0,0.619061804228504,0.03581405954449171,0.12558815
1.5,58,0.3,0.18666666666666668,5,0.14814814814814814,0,0.5002634613885651,0.42349651623959267,0.098272935
1.5,78,0.2,0.26,2,0.13580246913580246,0,0.34620959783253447,0.28438797355464396,0.10076194
1.5,170,0.30666666666666664,0.21333333333333335,6,0.13580246913580246,0,0.37440184943612204,0.1262083836604434,0.17808907
1.5,6,0.24,0.17333333333333334,15,0.1111111111111111,0,0.5539515461552019,0.35401328851270897,0.1336466
2.0,38,0.2,0.22,2,0.07407407407407407,0,0.4239546626750253,0.3315258847490371,0.0951686
2.0,28,0.3,0.23333333333333334,2,0.12345679012345678,0,0.3049253276778023,0.15040785222980768,0.10871052
2.0,143,0.3466666666666667,0.22666666666666666,7,0.12345679012345678,0,0.6551952317860092,0.08658713378647104,0.1497345
2.0,13,0.18666666666666668,0.14666666666666667,3,0.09876543209876543,0,0.24531486128481014,0.1454831169784268,0.16130859
2.0,3,0.30666666666666664,0.16,3,0.2345679012345679,0,0.5301563961834127,0.291523512648803,0.1280371
2.0,126,0.26666666666666666,0.2,6,0.1111111111111111,0,0.37038556208195794,0.3972132365324137,0.10101012
2.0,79,0.24,0.23333333333333334,3,0.09876543209876543,0,0.26493782719120834,0.03243300470793752,0.16572827
2.0,2,0.24666666666666667,0.14666666666666667,3,0.06172839506172839,0,0.5594010580097636,0.4927690433071289,0.11256649
2.0,107,0.24,0.13333333333333333,2,0.09876543209876543,0,0.39784016298045405,0.20251075845059519,0.08679502
2.0,5,0.3,0.16,8,0.12345679012345678,0,0.5908684901922594,0.2980185488833914,0.10805883
2.0,182,0.2866666666666667,0.29333333333333333,9,0.04938271604938271,0,0.17929820255773213,0.19019406161701224,0.16420108
2.0,66,0.2,0.22666666666666666,4,0.13580246913580246,0,0.4173795626644879,0.21657678651092566,0.11469816
2.0,154,0.22,0.24666666666666667,6,0.09876543209876543,0,0.5799006789329825,0.13042027797138697,0.091850355
2.0,93,0.28,0.20666666666666667,3,0.08641975308641975,0,0.34059890254789726,0.054394543662357714,0.097847685
2.0,25,0.24,0.14666666666666667,3,0.14814814814814814,0,0.5071990513861834,0.1353309440393265,0.16964485
2.0,22,0.17333333333333334,0.22666666666666666,2,0.06172839506172839,0,0.3460408976177077,0.0955570675204658,0.1354902
2.0,138,0.21333333333333335,0.20666666666666667,7,0.08641975308641975,0,0.56474435793046,0.6361070439846255,0.05856505
2.0,119,0.23333333333333334,0.20666666666666667,5,0.06172839506172839,0,0.37294767840303256,0.2246075259599188,0.16142362
2.0,174,0.22666666666666666,0.15333333333333332,16,0.07407407407407407,0,0.1453456239763067,-0.016392377809127008,0.19549063
2.0,25,0.16,0.13333333333333333,13,0.09876543209876543,0,0.5359363551035485,0.25951992807925944,0.15038022
2.0,112,0.24666666666666667,0.18,3,0.037037037037037035,0,0.5187871407400719,0.45622865279158786,0.09035819
2.0,85,0.12,0.23333333333333334,6,0.16049382716049382,0,0.5609231159306242,0.31603101900218583,0.14891961
2.0,141,0.26,0.24666666666666667,8,0.08641975308641975,0,0.6802252708647449,0.5270701216065053,0.10396536
2.0,41,0.31333333333333335,0.20666666666666667,3,0.09876543209876543,0,0.5980517761053051,0.32643234926025455,0.135934
2.0,65,0.26,0.24666666666666667,3,0.07407407407407407,0,0.5826078898255925,0.15661335499906795,0.158183
2.0,149,0.26,0.22,6,0.09876543209876543,0,0.47962845065278725,0.15472942517217134,0.13355331
2.0,8,0.23333333333333334,0.24,3,0.08641975308641975,0,0.4297208564607801,-0.011402530920357222,0.15531297
2.0,129,0.25333333333333335,0.26,4,0.09876543209876543,0,0.3408269363094588,0.32490677164517673,0.15640661
2.0,110,0.18666666666666668,0.18,3,0.1111111111111111,0,0.6339625746131451,0.4472606598164561,0.11520668
2.0,72,0.22666666666666666,0.23333333333333334,2,0.08641975308641975,0,0.6281354591202042,0.2760977771623276,0.11235609
2.0,168,0.26666666666666666,0.22,7,0.037037037037037035,0,0.3987079173129529,0.2186363768322835,0.1744816
2.0,14,0.2866666666666667,0.20666666666666667,7,0.012345679012345678,0,0.43615069734000045,0.46010805079026973,0.072775714
2.0,97,0.26,0.23333333333333334,5,0.09876543209876543,0,0.4565368817659132,0.22936521336546722,0.12432251
2.0,77,0.21333333333333335,0.22666666666666666,3,0.16049382716049382,0,0.28549194838898784,0.3102466397395158,0.091508515
2.0,93,0.28,0.20666666666666667,2,0.08641975308641975,0,0.11086954916493023,0.054394543662357714,0.097847685
2.0,124,0.22666666666666666,0.18666666666666668,2,0.07407407407407407,0,0.40319249736436924,0.3627382155233628,0.086006984
2.0,194,0.3466666666666667,0.2,5,0.16049382716049382,0,0.6288156046405897,0.5602185935805927,0.06488627
2.0,139,0.22666666666666666,0.2866666666666667,3,0.07407407407407407,0,0.5414977876080829,0.3634769282562011,0.12677786
2.0,150,0.2,0.17333333333333334,7,0.12345679012345678,0,0.5081877031294499,0.4263705752138622,0.12168178
2.0,194,0.32,0.23333333333333334,15,0.08641975308641975,0,0.28297008408662966,0.09779269838731357,0.12604961
2.0,196,0.17333333333333334,0.20666666666666667,14,0.08641975308641975,0,0.5511388104934547,0.5011270122054858,0.095102884
2.0,173,0.22666666666666666,0.21333333333333335,2,0.1111111111111111,0,0.5663956565863848,0.551492023645746,0.05805222
2.0,103,0.30666666666666664,0.22666666666666666,3,0.16049382716049382,0,0.42728030951043733,0.2563844739406911,0.12751187
2.0,115,0.20666666666666667,0.16666666666666666,3,0.12345679012345678,0,0.34853683991698486,0.3585216898609736,0.11255932
2.0,121,0.22666666666666666,0.19333333333333333,2,0.12345679012345678,0,0.3108925096663964,0.2398009758219804,0.14455965
2.0,91,0.36,0.19333333333333333,10,0.13580246913580246,0,0.37037592419570436,0.14779834464764038,0.14671972
2.0,92,0.24666666666666667,0.19333333333333333,3,0.13580246913580246,0,0.41674827829725714,0.14107569697241126,0.14889812
2.0,45,0.30666666666666664,0.16666666666666666,10,0.12345679012345678,0,0.5397532514092952,0.46935766323836214,0.11028752
2.0,76,0.3,0.18,2,0.08641975308641975,0,0.6244737857152622,0.40860644721733463,0.13167596
2.0,84,0.23333333333333334,0.20666666666666667,3,0.1111111111111111,0,0.5817932562044285,0.048261709668375494,0.17058584
2.0,87,0.18666666666666668,0.22666666666666666,11,0.12345679012345678,0,0.6379120926647481,0.2579466066802442,0.11656392
2.0,77,0.18,0.18666666666666668,2,0.16049382716049382,0,0.1730838809100423,0.37868101802154397,0.09332357
2.0,64,0.16,0.14,3,0.16049382716049382,0,0.5205581600268618,0.29320958639948563,0.10476401
2.0,71,0.22666666666666666,0.2,2,0.1111111111111111,0,0.5115865016218795,0.22552671658640294,0.16133635
2.0,133,0.20666666666666667,0.15333333333333332,3,0.08641975308641975,0,0.3291377285137025,0.4204628507915619,0.112868495
2.0,65,0.16666666666666666,0.16666666666666666,4,0.08641975308641975,0,0.46748960096058323,0.26446399404722115,0.09560517
2.0,7,0.3,0.13333333333333333,3,0.1111111111111111,0,0.586819292866442,0.19341126357147514,0.19276665
2.0,172,0.19333333333333333,0.26,5,0.13580246913580246,0,0.43424831800698216,0.35247830395156665,0.1418819
2.0,150,0.2866666666666667,0.24,7,0.08641975308641975,0,0.3778519177972384,0.35769482642818623,0.12994196
2.0,160,0.26666666666666666,0.3,3,0.06172839506172839,0,0.4044528883157693,0.1686446946933978,0.14897542
