clue_fraction,target,coinc_acc,coinc_sens,coinc_spec,unk_acc_initial_guess,unk_acc_dynamics_coinc,unk_acc_numpy_conflict_mask,exact_initial,exact_dynamics,exact_numpy
0.1,106,0.7410493827160494,0.21296296296296297,0.7997256515775034,0.1643835616438356,0.0958904109589041,0.1232876712328767,0,0,0
0.1,84,0.7580246913580246,0.22839506172839505,0.8168724279835391,0.0958904109589041,0.136986301369863,0.1232876712328767,0,0,0
0.1,172,0.716358024691358,0.25,0.7681755829903978,0.1232876712328767,0.1095890410958904,0.0684931506849315,0,0,0
0.1,75,0.7200617283950618,0.25617283950617287,0.7716049382716049,0.0958904109589041,0.1095890410958904,0.0958904109589041,0,0,0
0.1,6,0.7820987654320988,0.1882716049382716,0.848079561042524,0.1506849315068493,0.1780821917808219,0.1917808219178082,0,0,0
0.1,28,0.8179012345679012,0.5061728395061729,0.8525377229080933,0.1643835616438356,0.2876712328767123,1.0,0,0,1
0.1,51,0.7395061728395061,0.2191358024691358,0.7973251028806584,0.1095890410958904,0.0958904109589041,0.0958904109589041,0,0,0
0.1,49,0.7,0.2777777777777778,0.7469135802469136,0.1095890410958904,0.1506849315068493,0.1506849315068493,0,0,0
0.1,79,0.7472222222222222,0.18518518518518517,0.8096707818930041,0.0684931506849315,0.0958904109589041,0.1506849315068493,0,0,0
0.1,169,0.7354938271604938,0.2839506172839506,0.7856652949245542,0.1643835616438356,0.0684931506849315,0.0684931506849315,0,0,0
0.1,14,0.7466049382716049,0.20679012345679013,0.8065843621399177,0.1232876712328767,0.0958904109589041,0.0684931506849315,0,0,0
0.1,17,0.7444444444444445,0.23765432098765432,0.8007544581618655,0.0958904109589041,0.1506849315068493,0.1506849315068493,0,0,0
0.1,181,0.7262345679012345,0.22530864197530864,0.7818930041152263,0.1232876712328767,0.0684931506849315,0.1506849315068493,0,0,0
0.1,111,0.7061728395061728,0.2623456790123457,0.7554869684499315,0.1095890410958904,0.136986301369863,0.0684931506849315,0,0,0
0.1,95,0.7046296296296296,0.25308641975308643,0.75480109739369,0.0958904109589041,0.1232876712328767,0.1232876712328767,0,0,0
0.1,112,0.7509259259259259,0.3117283950617284,0.7997256515775034,0.136986301369863,0.1506849315068493,0.0821917808219178,0,0,0
0.1,151,0.7364197530864197,0.3055555555555556,0.7842935528120714,0.1095890410958904,0.1506849315068493,0.0684931506849315,0,0,0
0.1,19,0.7512345679012346,0.23148148148148148,0.8089849108367627,0.1506849315068493,0.1232876712328767,0.1095890410958904,0,0,0
0.1,129,0.7361111111111112,0.2777777777777778,0.7870370370370371,0.1643835616438356,0.1095890410958904,0.136986301369863,0,0,0
0.1,92,0.7342592592592593,0.2623456790123457,0.7866941015089163,0.136986301369863,0.1095890410958904,0.136986301369863,0,0,0
0.1,170,0.7450617283950617,0.25925925925925924,0.799039780521262,0.0958904109589041,0.0684931506849315,0.1095890410958904,0,0,0
0.1,110,0.745679012345679,0.25308641975308643,0.8004115226337448,0.1232876712328767,0.1095890410958904,0.0958904109589041,0,0,0
0.1,177,0.7567901234567901,0.17901234567901234,0.8209876543209876,0.0958904109589041,0.1232876712328767,0.0821917808219178,0,0,0
0.1,62,0.7503086419753087,0.22530864197530864,0.808641975308642,0.0684931506849315,0.0410958904109589,0.1095890410958904,0,0,0
0.1,47,0.7296296296296296,0.2993827160493827,0.7774348422496571,0.0958904109589041,0.136986301369863,0.0958904109589041,0,0,0
0.15,183,0.7555555555555555,0.29012345679012347,0.8072702331961591,0.10144927536231885,0.13043478260869565,0.08695652173913043,0,0,0
0.15,196,0.7283950617283951,0.25,0.7815500685871056,0.14492753623188406,0.15942028985507245,0.11594202898550725,0,0,0
0.15,18,0.7462962962962963,0.2222222222222222,0.8045267489711934,0.11594202898550725,0.14492753623188406,0.11594202898550725,0,0,0
0.15,118,0.8009259259259259,0.18518518518518517,0.8693415637860082,0.18840579710144928,0.057971014492753624,0.057971014492753624,0,0,0
0.15,16,0.7503086419753087,0.2222222222222222,0.8089849108367627,0.057971014492753624,0.11594202898550725,0.21739130434782608,0,0,0
0.15,0,0.7496913580246913,0.24382716049382716,0.8058984910836763,0.057971014492753624,0.11594202898550725,0.13043478260869565,0,0,0
0.15,108,0.7441358024691358,0.33641975308641975,0.789437585733882,0.10144927536231885,0.10144927536231885,0.08695652173913043,0,0,0
0.15,78,0.7583333333333333,0.21604938271604937,0.8185871056241426,0.08695652173913043,0.057971014492753624,0.10144927536231885,0,0,0
0.15,158,0.7305555555555555,0.20987654320987653,0.7884087791495199,0.08695652173913043,0.11594202898550725,0.057971014492753624,0,0,0
0.15,133,0.775,0.25617283950617287,0.8326474622770919,0.11594202898550725,0.15942028985507245,0.11594202898550725,0,0,0
0.15,34,0.7478395061728395,0.2222222222222222,0.806241426611797,0.07246376811594203,0.08695652173913043,0.14492753623188406,0,0,0
0.15,33,0.7290123456790123,0.25308641975308643,0.7818930041152263,0.14492753623188406,0.14492753623188406,0.08695652173913043,0,0,0
0.15,7,0.7354938271604938,0.23765432098765432,0.7908093278463649,0.08695652173913043,0.10144927536231885,0.11594202898550725,0,0,0
0.15,199,0.7888888888888889,0.1697530864197531,0.857681755829904,0.08695652173913043,0.057971014492753624,0.057971014492753624,0,0,0
0.15,1,0.7533950617283951,0.21604938271604937,0.8131001371742113,0.15942028985507245,0.11594202898550725,0.07246376811594203,0,0,0
0.15,162,0.7416666666666667,0.22530864197530864,0.799039780521262,0.10144927536231885,0.11594202898550725,0.13043478260869565,0,0,0
0.15,180,0.7845679012345679,0.20987654320987653,0.8484224965706447,0.11594202898550725,0.07246376811594203,0.08695652173913043,0,0,0
0.15,188,0.7493827160493827,0.24691358024691357,0.8052126200274349,0.10144927536231885,0.014492753623188406,0.08695652173913043,0,0,0
0.15,99,0.7549382716049383,0.29012345679012347,0.8065843621399177,0.11594202898550725,0.13043478260869565,0.10144927536231885,0,0,0
0.15,134,0.7358024691358025,0.2716049382716049,0.7873799725651578,0.14492753623188406,0.10144927536231885,0.028985507246376812,0,0,0
0.15,128,0.7574074074074074,0.2222222222222222,0.8168724279835391,0.18840579710144928,0.11594202898550725,0.14492753623188406,0,0,0
0.15,47,0.775,0.3117283950617284,0.8264746227709191,0.13043478260869565,0.10144927536231885,0.14492753623188406,0,0,0
0.15,185,0.7672839506172839,0.2716049382716049,0.8223593964334706,0.18840579710144928,0.11594202898550725,0.10144927536231885,0,0,0
0.15,58,0.7382716049382716,0.24691358024691357,0.7928669410150891,0.08695652173913043,0.08695652173913043,0.13043478260869565,0,0,0
0.15,113,0.7509259259259259,0.2808641975308642,0.8031550068587106,0.11594202898550725,0.08695652173913043,0.11594202898550725,0,0,0
0.19,43,0.8169753086419753,0.4166666666666667,0.8614540466392319,0.12121212121212122,0.18181818181818182,0.3181818181818182,0,0,0
0.19,94,0.7645061728395062,0.24691358024691357,0.8220164609053497,0.19696969696969696,0.18181818181818182,0.07575757575757576,0,0,0
0.19,16,0.7472222222222222,0.21604938271604937,0.806241426611797,0.12121212121212122,0.07575757575757576,0.13636363636363635,0,0,0
0.19,154,0.7660493827160494,0.25308641975308643,0.823045267489712,0.13636363636363635,0.13636363636363635,0.12121212121212122,0,0,0
0.19,144,0.7540123456790123,0.19135802469135801,0.8165294924554184,0.09090909090909091,0.16666666666666666,0.15151515151515152,0,0,0
0.19,41,0.7870370370370371,0.21604938271604937,0.850480109739369,0.10606060606060606,0.22727272727272727,0.09090909090909091,0,0,0
0.19,136,0.7552469135802469,0.23765432098765432,0.8127572016460906,0.15151515151515152,0.10606060606060606,0.10606060606060606,0,0,0
0.19,149,0.7814814814814814,0.24382716049382716,0.8412208504801097,0.18181818181818182,0.12121212121212122,0.10606060606060606,0,0,0
0.19,59,0.7891975308641975,0.1728395061728395,0.857681755829904,0.13636363636363635,0.045454545454545456,0.045454545454545456,0,0,0
0.19,14,0.7595679012345679,0.2777777777777778,0.8131001371742113,0.07575757575757576,0.15151515151515152,0.10606060606060606,0,0,0
0.19,182,0.7604938271604939,0.23148148148148148,0.8192729766803841,0.13636363636363635,0.2878787878787879,0.13636363636363635,0,0,0
0.19,77,0.7444444444444445,0.25925925925925924,0.7983539094650206,0.13636363636363635,0.09090909090909091,0.12121212121212122,0,0,0
0.19,97,0.9256172839506173,0.7685185185185185,0.9430727023319616,0.36363636363636365,1.0,1.0,0,1,1
0.19,78,1.0,1.0,1.0,1.0,1.0,1.0,1,1,1
0.19,88,0.7620370370370371,0.2932098765432099,0.8141289437585734,0.09090909090909091,0.07575757575757576,0.13636363636363635,0,0,0
0.19,91,0.7768518518518519,0.2006172839506173,0.840877914951989,0.13636363636363635,0.10606060606060606,0.10606060606060606,0,0,0
0.19,39,0.7518518518518519,0.28703703703703703,0.8034979423868313,0.09090909090909091,0.10606060606060606,0.12121212121212122,0,0,0
0.19,57,0.8688271604938271,0.5802469135802469,0.9008916323731139,0.19696969696969696,1.0,1.0,0,1,1
0.19,139,0.7848765432098765,0.24382716049382716,0.8449931412894376,0.09090909090909091,0.09090909090909091,0.15151515151515152,0,0,0
0.19,47,0.7484567901234568,0.2345679012345679,0.8055555555555556,0.10606060606060606,0.06060606060606061,0.07575757575757576,0,0,0
0.19,112,0.7620370370370371,0.2932098765432099,0.8141289437585734,0.10606060606060606,0.09090909090909091,0.06060606060606061,0,0,0
0.19,148,0.792283950617284,0.3055555555555556,0.8463648834019204,0.16666666666666666,0.10606060606060606,0.15151515151515152,0,0,0
0.19,69,0.8203703703703704,0.4382716049382716,0.8628257887517147,0.21212121212121213,0.21212121212121213,0.10606060606060606,0,0,0
0.19,37,0.7861111111111111,0.2037037037037037,0.8508230452674898,0.10606060606060606,0.15151515151515152,0.06060606060606061,0,0,0
0.19,48,0.8290123456790124,0.4444444444444444,0.8717421124828533,0.22727272727272727,0.07575757575757576,0.09090909090909091,0,0,0
0.21,178,0.7675925925925926,0.24074074074074073,0.8261316872427984,0.09375,0.09375,0.171875,0,0,0
0.21,101,0.796604938271605,0.404320987654321,0.8401920438957476,0.203125,0.078125,0.921875,0,0,0
0.21,117,0.7237654320987654,0.2808641975308642,0.7729766803840878,0.109375,0.09375,0.078125,0,0,0
0.21,76,0.766358024691358,0.21604938271604937,0.8275034293552812,0.09375,0.09375,0.09375,0,0,0
0.21,115,0.8277777777777777,0.4351851851851852,0.8713991769547325,0.234375,0.34375,0.140625,0,0,0
0.21,136,0.8135802469135802,0.19135802469135801,0.8827160493827161,0.203125,0.125,0.125,0,0,0
0.21,125,0.7503086419753087,0.2623456790123457,0.8045267489711934,0.140625,0.109375,0.0625,0,0,0
0.21,54,0.8138888888888889,0.3425925925925926,0.8662551440329218,0.15625,0.109375,0.171875,0,0,0
0.21,166,0.970679012345679,0.8950617283950617,0.9790809327846365,0.734375,1.0,1.0,0,1,1
0.21,155,0.7737654320987655,0.24691358024691357,0.8323045267489712,0.09375,0.078125,0.140625,0,0,0
0.21,79,0.7660493827160494,0.3611111111111111,0.8110425240054869,0.140625,0.078125,0.078125,0,0,0
0.21,137,0.7601851851851852,0.16049382716049382,0.8268175582990398,0.140625,0.109375,0.15625,0,0,0
0.21,66,0.7901234567901234,0.19444444444444445,0.8563100137174211,0.125,0.140625,0.140625,0,0,0
0.21,96,0.7774691358024691,0.25308641975308643,0.8357338820301783,0.15625,0.015625,0.140625,0,0,0
0.21,56,0.7913580246913581,0.27469135802469136,0.8487654320987654,0.15625,0.125,0.09375,0,0,0
0.21,168,0.7435185185185185,0.2345679012345679,0.8000685871056241,0.140625,0.046875,0.078125,0,0,0
0.21,12,1.0,1.0,1.0,1.0,1.0,1.0,1,1,1
0.21,52,0.7509259259259259,0.24382716049382716,0.8072702331961591,0.09375,0.046875,0.15625,0,0,0
0.21,39,0.7978395061728395,0.2623456790123457,0.8573388203017832,0.1875,0.125,0.078125,0,0,0
0.21,120,0.9339506172839506,0.7777777777777778,0.9513031550068587,0.4375,1.0,1.0,0,1,1
0.21,129,0.7475308641975309,0.23765432098765432,0.8041838134430727,0.078125,0.15625,0.0625,0,0,0
0.21,105,0.8296296296296296,0.4567901234567901,0.8710562414266118,0.203125,0.125,0.28125,0,0,0
0.21,18,0.8203703703703704,0.3271604938271605,0.8751714677640604,0.171875,0.21875,0.109375,0,0,0
0.21,57,0.9459876543209876,0.8364197530864198,0.958161865569273,0.375,1.0,1.0,0,1,1
0.21,100,0.8030864197530864,0.36419753086419754,0.8518518518518519,0.1875,0.15625,0.125,0,0,0
0.23,53,0.9277777777777778,0.7870370370370371,0.9434156378600823,0.43548387096774194,1.0,1.0,0,1,1
0.23,172,0.7891975308641975,0.2932098765432099,0.8443072702331962,0.1774193548387097,0.12903225806451613,0.11290322580645161,0,0,0
0.23,152,0.7839506172839507,0.24691358024691357,0.8436213991769548,0.16129032258064516,0.16129032258064516,0.12903225806451613,0,0,0
0.23,128,0.7919753086419753,0.19135802469135801,0.8587105624142661,0.1774193548387097,0.11290322580645161,0.08064516129032258,0,0,0
0.23,41,0.9561728395061728,0.8827160493827161,0.9643347050754458,0.532258064516129,1.0,1.0,0,1,1
0.23,11,0.7685185185185185,0.21604938271604937,0.8299039780521262,0.0967741935483871,0.11290322580645161,0.0967741935483871,0,0,0
0.23,91,0.8092592592592592,0.33024691358024694,0.862482853223594,0.1935483870967742,0.12903225806451613,0.12903225806451613,0,0,0
0.23,85,0.7762345679012346,0.20987654320987653,0.8391632373113854,0.11290322580645161,0.14516129032258066,0.12903225806451613,0,0,0
0.23,29,0.8339506172839506,0.4351851851851852,0.8782578875171467,0.1935483870967742,0.3225806451612903,0.1774193548387097,0,0,0
0.23,9,0.7790123456790123,0.18518518518518517,0.8449931412894376,0.11290322580645161,0.0967741935483871,0.11290322580645161,0,0,0
0.23,189,0.7685185185185185,0.3055555555555556,0.8199588477366255,0.14516129032258066,0.08064516129032258,0.08064516129032258,0,0,0
0.23,107,0.8114197530864198,0.30864197530864196,0.8672839506172839,0.14516129032258066,0.0967741935483871,0.12903225806451613,0,0,0
0.23,144,0.8697530864197531,0.5617283950617284,0.9039780521262003,0.27419354838709675,0.25806451612903225,1.0,0,0,1
0.23,25,0.8237654320987654,0.39814814814814814,0.8710562414266118,0.11290322580645161,0.11290322580645161,0.14516129032258066,0,0,0
0.23,37,0.7669753086419753,0.24074074074074073,0.8254458161865569,0.0967741935483871,0.11290322580645161,0.06451612903225806,0,0,0
0.23,170,0.8824074074074074,0.6080246913580247,0.9128943758573388,0.25806451612903225,1.0,1.0,0,1,1
0.23,138,0.7833333333333333,0.2654320987654321,0.840877914951989,0.08064516129032258,0.08064516129032258,0.1774193548387097,0,0,0
0.23,57,0.8450617283950618,0.38271604938271603,0.8964334705075446,0.24193548387096775,0.14516129032258066,0.43548387096774194,0,0,0
0.23,95,0.8376543209876544,0.49382716049382713,0.8758573388203018,0.22580645161290322,0.06451612903225806,0.22580645161290322,0,0,0
0.23,157,0.8009259259259259,0.1697530864197531,0.8710562414266118,0.11290322580645161,0.11290322580645161,0.0967741935483871,0,0,0
0.23,69,0.9805555555555555,0.9074074074074074,0.9886831275720165,0.9193548387096774,1.0,1.0,0,1,1
0.23,88,0.8157407407407408,0.4228395061728395,0.8593964334705075,0.16129032258064516,0.0967741935483871,0.08064516129032258,0,0,0
0.23,124,0.7925925925925926,0.33641975308641975,0.843278463648834,0.20967741935483872,0.1774193548387097,0.3709677419354839,0,0,0
0.23,185,1.0,1.0,1.0,1.0,1.0,1.0,1,1,1
0.23,158,0.9101851851851852,0.6820987654320988,0.9355281207133059,0.2903225806451613,1.0,1.0,0,1,1
0.25,15,0.8805555555555555,0.5370370370370371,0.918724279835391,0.4098360655737705,1.0,1.0,0,1,1
0.25,146,0.9817901234567902,1.0,0.9797668038408779,0.8688524590163934,1.0,1.0,0,1,1
0.25,97,0.8188271604938272,0.44135802469135804,0.8607681755829903,0.11475409836065574,0.7868852459016393,0.16393442622950818,0,0,0
0.25,47,0.8802469135802469,0.5802469135802469,0.9135802469135802,0.2459016393442623,0.26229508196721313,0.4918032786885246,0,0,0
0.25,17,0.9070987654320988,0.6790123456790124,0.9324417009602195,0.4426229508196721,1.0,1.0,0,1,1
0.25,5,0.7694444444444445,0.26851851851851855,0.8251028806584362,0.11475409836065574,0.04918032786885246,0.04918032786885246,0,0,0
0.25,137,0.9018518518518519,0.7067901234567902,0.9235253772290809,0.22950819672131148,1.0,1.0,0,1,1
0.25,25,0.8679012345679012,0.5864197530864198,0.8991769547325102,0.16393442622950818,0.3114754098360656,0.08196721311475409,0,0,0
0.25,150,0.7978395061728395,0.29012345679012347,0.8542524005486969,0.16393442622950818,0.08196721311475409,0.16393442622950818,0,0,0
0.25,160,0.7824074074074074,0.23148148148148148,0.8436213991769548,0.13114754098360656,0.09836065573770492,0.13114754098360656,0,0,0
0.25,197,0.8407407407407408,0.4537037037037037,0.8837448559670782,0.16393442622950818,1.0,1.0,0,1,1
0.25,70,0.9354938271604938,0.7314814814814815,0.958161865569273,0.6557377049180327,1.0,1.0,0,1,1
0.25,166,0.8324074074074074,0.41358024691358025,0.8789437585733882,0.18032786885245902,0.16393442622950818,1.0,0,0,1
0.25,72,0.8135802469135802,0.3271604938271605,0.8676268861454046,0.16393442622950818,0.2786885245901639,0.18032786885245902,0,0,0
0.25,125,0.8746913580246913,0.6172839506172839,0.9032921810699589,0.3114754098360656,1.0,1.0,0,1,1
0.25,155,0.9996913580246913,1.0,0.9996570644718793,1.0,1.0,1.0,1,1,1
0.25,87,0.9410493827160494,0.8425925925925926,0.9519890260631001,0.3114754098360656,1.0,1.0,0,1,1
0.25,112,0.758641975308642,0.25925925925925924,0.8141289437585734,0.06557377049180328,0.14754098360655737,0.11475409836065574,0,0,0
0.25,42,0.7722222222222223,0.23148148148148148,0.8323045267489712,0.16393442622950818,0.08196721311475409,0.08196721311475409,0,0,0
0.25,136,0.7904320987654321,0.22839506172839505,0.852880658436214,0.08196721311475409,0.08196721311475409,0.14754098360655737,0,0,0
0.25,178,0.8598765432098765,0.4876543209876543,0.9012345679012346,0.26229508196721313,1.0,1.0,0,1,1
0.25,184,0.7898148148148149,0.2962962962962963,0.8446502057613169,0.11475409836065574,0.13114754098360656,0.08196721311475409,0,0,0
0.25,0,0.7972222222222223,0.33024691358024694,0.8491083676268861,0.16393442622950818,0.08196721311475409,0.09836065573770492,0,0,0
0.25,171,0.766358024691358,0.24382716049382716,0.8244170096021948,0.08196721311475409,0.13114754098360656,0.09836065573770492,0,0,0
0.25,99,1.0,1.0,1.0,1.0,1.0,1.0,1,1,1
0.27,110,0.7987654320987654,0.29012345679012347,0.855281207133059,0.1016949152542373,0.13559322033898305,0.13559322033898305,0,0,0
0.27,137,0.9728395061728395,0.9320987654320988,0.977366255144033,0.7796610169491526,1.0,1.0,0,1,1
0.27,187,0.7882716049382716,0.2345679012345679,0.8497942386831275,0.0847457627118644,0.01694915254237288,0.13559322033898305,0,0,0
0.27,42,0.9126543209876543,0.7314814814814815,0.9327846364883402,0.3898305084745763,1.0,1.0,0,1,1
0.27,149,0.8222222222222222,0.3055555555555556,0.8796296296296297,0.15254237288135594,0.13559322033898305,0.1694915254237288,0,0,0
0.27,7,0.9975308641975309,0.9969135802469136,0.997599451303155,1.0,1.0,1.0,1,1,1
0.27,129,0.8274691358024692,0.2808641975308642,0.8882030178326474,0.23728813559322035,0.05084745762711865,0.2033898305084746,0,0,0
0.27,76,0.7882716049382716,0.2808641975308642,0.8446502057613169,0.11864406779661017,0.0847457627118644,0.11864406779661017,0,0,0
0.27,124,0.9756172839506173,0.9506172839506173,0.9783950617283951,0.7457627118644068,1.0,1.0,0,1,1
0.27,25,0.855246913580247,0.5061728395061729,0.8940329218106996,0.22033898305084745,0.8305084745762712,1.0,0,0,1
0.27,99,0.8114197530864198,0.3425925925925926,0.8635116598079561,0.1694915254237288,0.23728813559322035,0.288135593220339,0,0,0
0.27,26,0.841358024691358,0.4382716049382716,0.8861454046639232,0.23728813559322035,0.6440677966101694,0.1864406779661017,0,0,0
0.27,37,1.0,1.0,1.0,1.0,1.0,1.0,1,1,1
0.27,2,0.7617283950617284,0.21604938271604937,0.8223593964334706,0.05084745762711865,0.1016949152542373,0.05084745762711865,0,0,0
0.27,182,0.8240740740740741,0.3148148148148148,0.8806584362139918,0.15254237288135594,0.22033898305084745,0.1016949152542373,0,0,0
0.27,170,0.7694444444444445,0.2993827160493827,0.821673525377229,0.1016949152542373,0.2033898305084746,0.0847457627118644,0,0,0
0.27,88,0.8108024691358025,0.41358024691358025,0.8549382716049383,0.13559322033898305,0.0847457627118644,0.03389830508474576,0,0,0
0.27,190,0.7691358024691358,0.23765432098765432,0.8281893004115226,0.0847457627118644,0.1016949152542373,0.2033898305084746,0,0,0
0.27,123,0.7950617283950617,0.24074074074074073,0.8566529492455418,0.11864406779661017,0.1694915254237288,0.03389830508474576,0,0,0
0.27,54,1.0,1.0,1.0,1.0,1.0,1.0,1,1,1
0.27,8,0.7845679012345679,0.2716049382716049,0.8415637860082305,0.06779661016949153,0.06779661016949153,0.05084745762711865,0,0,0
0.27,101,0.7978395061728395,0.2808641975308642,0.855281207133059,0.11864406779661017,0.22033898305084745,0.13559322033898305,0,0,0
0.27,104,0.8478395061728395,0.5370370370370371,0.8823731138545954,0.15254237288135594,0.423728813559322,0.3050847457627119,0,0,0
0.27,171,0.7873456790123456,0.23148148148148148,0.8491083676268861,0.1694915254237288,0.13559322033898305,0.15254237288135594,0,0,0
0.27,41,0.945679012345679,0.845679012345679,0.9567901234567902,0.576271186440678,1.0,1.0,0,1,1
0.3,12,0.8040123456790124,0.345679012345679,0.8549382716049383,0.10526315789473684,0.15789473684210525,0.14035087719298245,0,0,0
0.3,108,0.8095679012345679,0.20679012345679013,0.8765432098765432,0.10526315789473684,0.12280701754385964,0.10526315789473684,0,0,0
0.3,111,0.8320987654320988,0.20987654320987653,0.9012345679012346,0.14035087719298245,0.10526315789473684,0.12280701754385964,0,0,0
0.3,100,0.8901234567901235,0.6141975308641975,0.9207818930041153,0.19298245614035087,1.0,1.0,0,1,1
0.3,41,0.8669753086419754,0.6080246913580247,0.8957475994513031,0.24561403508771928,1.0,1.0,0,1,1
0.3,22,0.7935185185185185,0.25925925925925924,0.852880658436214,0.14035087719298245,0.08771929824561403,0.15789473684210525,0,0,0
0.3,103,1.0,1.0,1.0,0.9824561403508771,1.0,1.0,0,1,1
0.3,189,1.0,1.0,1.0,1.0,1.0,1.0,1,1,1
0.3,177,0.9,0.6018518518518519,0.9331275720164609,0.3684210526315789,1.0,1.0,0,1,1
0.3,57,0.7972222222222223,0.28703703703703703,0.8539094650205762,0.14035087719298245,0.14035087719298245,0.05263157894736842,0,0,0
0.3,184,1.0,1.0,1.0,1.0,1.0,1.0,1,1,1
0.3,149,1.0,1.0,1.0,1.0,1.0,1.0,1,1,1
0.3,45,1.0,1.0,1.0,1.0,1.0,1.0,1,1,1
0.3,143,1.0,1.0,1.0,1.0,1.0,1.0,1,1,1
0.3,9,0.9851851851851852,0.9629629629629629,0.9876543209876543,0.8947368421052632,1.0,1.0,0,1,1
0.3,172,1.0,1.0,1.0,1.0,1.0,1.0,1,1,1
0.3,77,1.0,1.0,1.0,1.0,1.0,1.0,1,1,1
0.3,43,0.846604938271605,0.4660493827160494,0.8888888888888888,0.12280701754385964,1.0,0.19298245614035087,0,1,0
0.3,92,0.9561728395061728,0.8734567901234568,0.9653635116598079,0.5789473684210527,1.0,1.0,0,1,1
0.3,118,0.7978395061728395,0.24382716049382716,0.8593964334705075,0.08771929824561403,0.12280701754385964,0.03508771929824561,0,0,0
0.3,6,0.8632716049382716,0.49691358024691357,0.9039780521262003,0.2982456140350877,1.0,1.0,0,1,1
0.3,128,1.0,1.0,1.0,1.0,1.0,1.0,1,1,1
0.3,24,0.9296296296296296,0.8611111111111112,0.9372427983539094,0.47368421052631576,1.0,1.0,0,1,1
0.3,74,1.0,1.0,1.0,1.0,1.0,1.0,1,1,1
0.3,84,0.8067901234567901,0.23148148148148148,0.870713305898491,0.15789473684210525,0.15789473684210525,0.10526315789473684,0,0,0
0.35,98,0.8179012345679012,0.2932098765432099,0.8762002743484225,0.1509433962264151,0.09433962264150944,0.07547169811320754,0,0,0
0.35,10,1.0,1.0,1.0,1.0,1.0,1.0,1,1,1
0.35,101,0.9549382716049383,0.8240740740740741,0.9694787379972565,0.49056603773584906,1.0,1.0,0,1,1
0.35,18,0.9978395061728395,1.0,0.997599451303155,1.0,1.0,1.0,1,1,1
0.35,43,0.8064814814814815,0.30246913580246915,0.862482853223594,0.09433962264150944,0.05660377358490566,0.07547169811320754,0,0,0
0.35,97,0.9978395061728395,1.0,0.997599451303155,1.0,1.0,1.0,1,1,1
0.35,60,0.9990740740740741,1.0,0.9989711934156379,1.0,1.0,1.0,1,1,1
0.35,57,1.0,1.0,1.0,1.0,1.0,1.0,1,1,1
0.35,119,1.0,1.0,1.0,1.0,1.0,1.0,1,1,1
0.35,146,1.0,1.0,1.0,1.0,1.0,1.0,1,1,1
0.35,23,0.9737654320987654,0.9506172839506173,0.9763374485596708,0.8679245283018868,1.0,1.0,0,1,1
0.35,122,0.9962962962962963,1.0,0.9958847736625515,1.0,1.0,1.0,1,1,1
0.35,36,1.0,1.0,1.0,1.0,1.0,1.0,1,1,1
0.35,109,1.0,1.0,1.0,1.0,1.0,1.0,1,1,1
0.35,159,0.9827160493827161,0.9382716049382716,0.9876543209876543,0.9245283018867925,1.0,1.0,0,1,1
0.35,32,0.9842592592592593,0.9351851851851852,0.9897119341563786,0.9433962264150944,1.0,1.0,0,1,1
0.35,181,0.9947530864197531,0.9753086419753086,0.9969135802469136,1.0,1.0,1.0,1,1,1
0.35,117,0.8040123456790124,0.24691358024691357,0.8659122085048011,0.09433962264150944,0.18867924528301888,0.11320754716981132,0,0,0
0.35,99,1.0,1.0,1.0,1.0,1.0,1.0,1,1,1
0.35,182,0.846604938271605,0.4783950617283951,0.887517146776406,0.22641509433962265,0.7924528301886793,0.1320754716981132,0,0,0
0.35,138,0.7709876543209877,0.2191358024691358,0.8323045267489712,0.03773584905660377,0.11320754716981132,0.05660377358490566,0,0,0
0.35,37,1.0,1.0,1.0,1.0,1.0,1.0,1,1,1
0.35,170,0.9925925925925926,1.0,0.9917695473251029,0.9622641509433962,1.0,1.0,0,1,1
0.35,124,0.8506172839506173,0.4104938271604938,0.899519890260631,0.24528301886792453,0.1320754716981132,0.37735849056603776,0,0,0
0.35,31,0.7888888888888889,0.29012345679012347,0.8443072702331962,0.16981132075471697,0.03773584905660377,0.2641509433962264,0,0,0
0.4,80,1.0,1.0,1.0,1.0,1.0,1.0,1,1,1
0.4,122,0.9969135802469136,1.0,0.9965706447187929,1.0,1.0,1.0,1,1,1
0.4,110,1.0,1.0,1.0,1.0,1.0,1.0,1,1,1
0.4,82,0.9256172839506173,0.691358024691358,0.9516460905349794,0.42857142857142855,1.0,1.0,0,1,1
0.4,131,0.8595679012345679,0.5092592592592593,0.8984910836762688,0.20408163265306123,1.0,1.0,0,1,1
0.4,85,1.0,1.0,1.0,1.0,1.0,1.0,1,1,1
0.4,154,0.9993827160493827,1.0,0.9993141289437586,1.0,1.0,1.0,1,1,1
0.4,115,1.0,1.0,1.0,1.0,1.0,1.0,1,1,1
0.4,165,0.962037037037037,0.8487654320987654,0.9746227709190672,0.7346938775510204,1.0,1.0,0,1,1
0.4,67,1.0,1.0,1.0,1.0,1.0,1.0,1,1,1
0.4,42,0.9932098765432099,0.9753086419753086,0.99519890260631,1.0,1.0,1.0,1,1,1
0.4,77,1.0,1.0,1.0,1.0,1.0,1.0,1,1,1
0.4,20,0.8774691358024691,0.5246913580246914,0.9166666666666666,0.16326530612244897,1.0,1.0,0,1,1
0.4,113,0.9459876543209876,0.8302469135802469,0.9588477366255144,0.4489795918367347,1.0,1.0,0,1,1
0.4,14,0.9972222222222222,1.0,0.9969135802469136,1.0,1.0,1.0,1,1,1
0.4,69,0.9228395061728395,0.7283950617283951,0.9444444444444444,0.5510204081632653,1.0,1.0,0,1,1
0.4,59,0.9978395061728395,1.0,0.997599451303155,1.0,1.0,1.0,1,1,1
0.4,168,0.9996913580246913,1.0,0.9996570644718793,1.0,1.0,1.0,1,1,1
0.4,25,1.0,1.0,1.0,1.0,1.0,1.0,1,1,1
0.4,48,0.9978395061728395,1.0,0.997599451303155,1.0,1.0,1.0,1,1,1
0.4,96,1.0,1.0,1.0,1.0,1.0,1.0,1,1,1
0.4,3,0.9981481481481481,1.0,0.9979423868312757,1.0,1.0,1.0,1,1,1
0.4,88,1.0,1.0,1.0,1.0,1.0,1.0,1,1,1
0.4,182,0.9981481481481481,1.0,0.9979423868312757,1.0,1.0,1.0,1,1,1
0.4,34,1.0,1.0,1.0,1.0,1.0,1.0,1,1,1
0.5,163,1.0,1.0,1.0,1.0,1.0,1.0,1,1,1
0.5,38,0.9962962962962963,1.0,0.9958847736625515,1.0,1.0,1.0,1,1,1
0.5,199,0.9984567901234568,1.0,0.9982853223593965,1.0,1.0,1.0,1,1,1
0.5,57,1.0,1.0,1.0,1.0,1.0,1.0,1,1,1
0.5,142,1.0,1.0,1.0,1.0,1.0,1.0,1,1,1
0.5,17,1.0,1.0,1.0,1.0,1.0,1.0,1,1,1
0.5,188,0.9981481481481481,1.0,0.9979423868312757,1.0,1.0,1.0,1,1,1
0.5,41,1.0,1.0,1.0,1.0,1.0,1.0,1,1,1
0.5,120,0.9922839506172839,0.9907407407407407,0.9924554183813443,0.926829268292683,1.0,1.0,0,1,1
0.5,47,0.9981481481481481,1.0,0.9979423868312757,1.0,1.0,1.0,1,1,1
0.5,49,0.9996913580246913,1.0,0.9996570644718793,1.0,1.0,1.0,1,1,1
0.5,109,1.0,1.0,1.0,1.0,1.0,1.0,1,1,1
0.5,113,1.0,1.0,1.0,1.0,1.0,1.0,1,1,1
0.5,132,0.9984567901234568,1.0,0.9982853223593965,1.0,1.0,1.0,1,1,1
0.5,122,0.9959876543209877,1.0,0.9955418381344308,1.0,1.0,1.0,1,1,1
0.5,59,0.9978395061728395,1.0,0.997599451303155,1.0,1.0,1.0,1,1,1
0.5,154,0.9993827160493827,1.0,0.9993141289437586,1.0,1.0,1.0,1,1,1
0.5,79,0.9996913580246913,1.0,0.9996570644718793,1.0,1.0,1.0,1,1,1
0.5,177,1.0,1.0,1.0,1.0,1.0,1.0,1,1,1
0.5,69,1.0,1.0,1.0,1.0,1.0,1.0,1,1,1
0.5,20,1.0,1.0,1.0,1.0,1.0,1.0,1,1,1
0.5,93,1.0,1.0,1.0,1.0,1.0,1.0,1,1,1
0.5,82,1.0,1.0,1.0,1.0,1.0,1.0,1,1,1
0.5,45,1.0,1.0,1.0,1.0,1.0,1.0,1,1,1
0.5,98,1.0,1.0,1.0,1.0,1.0,1.0,1,1,1
