clue_fraction,n_known,target,iterations,top1_initial,top1_final,unknown_cell_acc_initial,unknown_cell_acc_final,exact_initial,exact_final
0.05,4,1459,12,0,0,0.11688311688311688,0.11688311688311688,0,0
0.05,4,1580,8,0,0,0.14285714285714285,0.16883116883116883,0,0
0.05,4,834,8,0,0,0.1038961038961039,0.07792207792207792,0,0
0.05,4,1486,8,0,0,0.15584415584415584,0.03896103896103896,0,0
0.05,4,257,8,0,0,0.1038961038961039,0.12987012987012986,0,0
0.05,4,1008,8,0,0,0.06493506493506493,0.09090909090909091,0,0
0.05,4,254,8,0,0,0.1038961038961039,0.12987012987012986,0,0
0.05,4,784,20,0,0,0.12987012987012986,0.16883116883116883,0,0
0.05,4,13,12,0,0,0.12987012987012986,0.12987012987012986,0,0
0.05,4,619,8,0,0,0.07792207792207792,0.07792207792207792,0,0
0.05,4,1893,8,0,0,0.1038961038961039,0.1038961038961039,0,0
0.05,4,1018,8,0,0,0.12987012987012986,0.11688311688311688,0,0
0.05,4,612,8,0,0,0.12987012987012986,0.03896103896103896,0,0
0.05,4,1741,8,0,0,0.14285714285714285,0.09090909090909091,0,0
0.05,4,542,8,0,0,0.1038961038961039,0.09090909090909091,0,0
0.05,4,219,20,0,0,0.1038961038961039,0.09090909090909091,0,0
0.05,4,1072,8,0,0,0.11688311688311688,0.14285714285714285,0,0
0.05,4,659,8,0,0,0.12987012987012986,0.03896103896103896,0,0
0.05,4,194,4,0,0,0.07792207792207792,0.23376623376623376,0,0
0.05,4,700,8,0,0,0.1038961038961039,0.11688311688311688,0,0
0.05,4,771,8,0,0,0.14285714285714285,0.05194805194805195,0,0
0.05,4,1513,12,0,0,0.14285714285714285,0.07792207792207792,0,0
0.05,4,1884,8,0,0,0.09090909090909091,0.03896103896103896,0,0
0.05,4,1550,8,0,0,0.1038961038961039,0.07792207792207792,0,0
0.05,4,798,7,0,0,0.07792207792207792,0.1038961038961039,0,0
0.05,4,273,8,0,0,0.12987012987012986,0.11688311688311688,0,0
0.05,4,1472,6,0,0,0.09090909090909091,0.1038961038961039,0,0
0.05,4,554,5,0,0,0.12987012987012986,0.11688311688311688,0,0
0.05,4,1944,8,0,0,0.14285714285714285,0.14285714285714285,0,0
0.05,4,1877,10,0,0,0.07792207792207792,0.15584415584415584,0,0
0.05,4,274,8,0,0,0.1038961038961039,0.14285714285714285,0,0
0.05,4,1684,8,0,0,0.06493506493506493,0.11688311688311688,0,0
0.05,4,1107,4,0,0,0.07792207792207792,0.05194805194805195,0,0
0.05,4,698,8,0,0,0.09090909090909091,0.15584415584415584,0,0
0.05,4,910,8,0,0,0.12987012987012986,0.15584415584415584,0,0
0.05,4,1890,8,0,0,0.1038961038961039,0.16883116883116883,0,0
0.05,4,362,8,0,0,0.09090909090909091,0.09090909090909091,0,0
0.05,4,1746,20,0,0,0.09090909090909091,0.09090909090909091,0,0
0.05,4,1715,8,0,0,0.06493506493506493,0.1038961038961039,0,0
0.05,4,1916,8,0,0,0.11688311688311688,0.15584415584415584,0,0
0.05,4,1722,8,0,0,0.11688311688311688,0.1038961038961039,0,0
0.05,4,1473,8,0,0,0.1038961038961039,0.07792207792207792,0,0
0.05,4,496,8,0,0,0.1038961038961039,0.14285714285714285,0,0
0.05,4,1216,20,0,0,0.14285714285714285,0.06493506493506493,0,0
0.05,4,1937,8,0,0,0.11688311688311688,0.03896103896103896,0,0
0.05,4,1128,3,0,0,0.1038961038961039,0.09090909090909091,0,0
0.05,4,373,20,0,0,0.07792207792207792,0.11688311688311688,0,0
0.05,4,1273,20,0,0,0.14285714285714285,0.12987012987012986,0,0
0.05,4,213,8,0,0,0.1038961038961039,0.14285714285714285,0,0
0.05,4,400,20,0,0,0.11688311688311688,0.1038961038961039,0,0
0.05,4,1882,8,0,0,0.1038961038961039,0.12987012987012986,0,0
0.05,4,1228,8,0,0,0.12987012987012986,0.16883116883116883,0,0
0.05,4,870,8,0,0,0.09090909090909091,0.11688311688311688,0,0
0.05,4,995,9,0,0,0.1038961038961039,0.07792207792207792,0,0
0.05,4,357,8,0,0,0.11688311688311688,0.12987012987012986,0,0
0.05,4,482,13,0,0,0.12987012987012986,0.05194805194805195,0,0
0.05,4,1747,8,0,0,0.05194805194805195,0.07792207792207792,0,0
0.05,4,1763,8,0,0,0.1038961038961039,0.03896103896103896,0,0
0.05,4,1029,6,0,0,0.1038961038961039,0.07792207792207792,0,0
0.05,4,317,8,0,0,0.1038961038961039,0.14285714285714285,0,0
0.05,4,705,4,0,0,0.15584415584415584,0.1038961038961039,0,0
0.05,4,1771,8,0,0,0.07792207792207792,0.05194805194805195,0,0
0.05,4,875,5,0,0,0.07792207792207792,0.11688311688311688,0,0
0.05,4,529,7,0,0,0.07792207792207792,0.06493506493506493,0,0
0.05,4,1708,8,0,0,0.1038961038961039,0.16883116883116883,0,0
0.05,4,1752,9,0,0,0.07792207792207792,0.15584415584415584,0,0
0.05,4,1553,5,0,0,0.11688311688311688,0.1038961038961039,0,0
0.05,4,316,8,0,0,0.11688311688311688,0.22077922077922077,0,0
0.05,4,826,10,0,0,0.1038961038961039,0.1038961038961039,0,0
0.05,4,47,8,0,0,0.12987012987012986,0.1038961038961039,0,0
0.05,4,943,7,0,0,0.1038961038961039,0.14285714285714285,0,0
0.05,4,1122,15,0,0,0.12987012987012986,0.1038961038961039,0,0
0.05,4,1959,12,0,0,0.12987012987012986,0.09090909090909091,0,0
0.05,4,592,20,0,0,0.12987012987012986,0.14285714285714285,0,0
0.05,4,647,8,0,0,0.09090909090909091,0.19480519480519481,0,0
0.05,4,1996,6,0,0,0.1038961038961039,0.19480519480519481,0,0
0.05,4,234,7,0,0,0.09090909090909091,0.14285714285714285,0,0
0.05,4,1989,8,0,0,0.11688311688311688,0.05194805194805195,0,0
0.05,4,183,5,0,0,0.1038961038961039,0.1038961038961039,0,0
0.05,4,1043,5,0,0,0.1038961038961039,0.1038961038961039,0,0
0.05,4,160,8,0,0,0.11688311688311688,0.11688311688311688,0,0
0.05,4,1545,6,0,0,0.11688311688311688,0.14285714285714285,0,0
0.05,4,661,11,0,0,0.07792207792207792,0.06493506493506493,0,0
0.05,4,699,20,0,0,0.06493506493506493,0.09090909090909091,0,0
0.05,4,1649,20,0,0,0.15584415584415584,0.06493506493506493,0,0
0.05,4,1257,10,0,0,0.11688311688311688,0.09090909090909091,0,0
0.05,4,386,6,0,0,0.1038961038961039,0.11688311688311688,0,0
0.05,4,1918,8,0,0,0.09090909090909091,0.14285714285714285,0,0
0.05,4,1626,4,0,0,0.11688311688311688,0.19480519480519481,0,0
0.05,4,343,8,0,0,0.09090909090909091,0.09090909090909091,0,0
0.05,4,1814,17,0,0,0.1038961038961039,0.16883116883116883,0,0
0.05,4,140,4,0,0,0.1038961038961039,0.1038961038961039,0,0
0.05,4,1822,6,0,0,0.09090909090909091,0.06493506493506493,0,0
0.05,4,383,6,0,0,0.07792207792207792,0.12987012987012986,0,0
0.05,4,1150,7,0,0,0.11688311688311688,0.07792207792207792,0,0
0.05,4,1194,8,0,0,0.07792207792207792,0.05194805194805195,0,0
0.05,4,1446,8,0,0,0.11688311688311688,0.1038961038961039,0,0
0.05,4,676,7,0,0,0.11688311688311688,0.06493506493506493,0,0
0.05,4,175,8,0,0,0.1038961038961039,0.1038961038961039,0,0
0.05,4,1664,8,0,0,0.1038961038961039,0.1038961038961039,0,0
0.1,8,1546,11,0,0,0.0547945205479452,0.1917808219178082,0,0
0.1,8,1257,7,0,0,0.1643835616438356,0.1232876712328767,0,0
0.1,8,844,11,0,0,0.0958904109589041,0.0958904109589041,0,0
0.1,8,140,4,0,0,0.1232876712328767,0.0547945205479452,0,0
0.1,8,184,19,0,0,0.0958904109589041,0.136986301369863,0,0
0.1,8,868,5,0,0,0.0821917808219178,0.1917808219178082,0,0
0.1,8,1124,20,0,0,0.1095890410958904,0.0821917808219178,0,0
0.1,8,546,11,0,0,0.0821917808219178,0.1095890410958904,0,0
0.1,8,826,10,0,0,0.0958904109589041,0.1232876712328767,0,0
0.1,8,1828,12,0,0,0.0684931506849315,0.1095890410958904,0,0
0.1,8,1246,9,0,0,0.1232876712328767,0.136986301369863,0,0
0.1,8,20,6,0,0,0.1095890410958904,0.0547945205479452,0,0
0.1,8,1356,5,0,0,0.1095890410958904,0.0273972602739726,0,0
0.1,8,374,10,0,0,0.1095890410958904,0.0684931506849315,0,0
0.1,8,1517,9,0,0,0.0821917808219178,0.1643835616438356,0,0
0.1,8,497,7,0,0,0.0958904109589041,0.0547945205479452,0,0
0.1,8,1710,9,0,0,0.136986301369863,0.0821917808219178,0,0
0.1,8,845,5,0,0,0.0821917808219178,0.0684931506849315,0,0
0.1,8,1843,9,0,0,0.0821917808219178,0.1232876712328767,0,0
0.1,8,212,7,0,0,0.0958904109589041,0.1095890410958904,0,0
0.1,8,1802,8,0,0,0.1095890410958904,0.1643835616438356,0,0
0.1,8,1433,7,0,0,0.1232876712328767,0.1643835616438356,0,0
0.1,8,1223,20,0,0,0.0958904109589041,0.0821917808219178,0,0
0.1,8,1513,5,0,0,0.136986301369863,0.1232876712328767,0,0
0.1,8,445,3,0,0,0.0410958904109589,0.1095890410958904,0,0
0.1,8,438,6,0,0,0.136986301369863,0.1506849315068493,0,0
0.1,8,554,11,0,0,0.1232876712328767,0.0821917808219178,0,0
0.1,8,367,18,0,0,0.1643835616438356,0.0547945205479452,0,0
0.1,8,492,16,0,0,0.0821917808219178,0.1643835616438356,0,0
0.1,8,574,17,0,0,0.136986301369863,0.1506849315068493,0,0
0.1,8,1891,20,0,0,0.1095890410958904,0.0684931506849315,0,0
0.1,8,107,20,0,0,0.136986301369863,0.1095890410958904,0,0
0.1,8,408,9,0,0,0.0684931506849315,0.0547945205479452,0,0
0.1,8,1178,20,0,0,0.1095890410958904,0.136986301369863,0,0
0.1,8,1283,4,0,0,0.1232876712328767,0.0684931506849315,0,0
0.1,8,1408,12,0,0,0.0958904109589041,0.0684931506849315,0,0
0.1,8,132,12,0,0,0.136986301369863,0.0684931506849315,0,0
0.1,8,1870,7,0,0,0.0958904109589041,0.1643835616438356,0,0
0.1,8,67,4,0,0,0.0547945205479452,0.0684931506849315,0,0
0.1,8,1624,9,0,0,0.0821917808219178,0.1780821917808219,0,0
0.1,8,273,10,0,0,0.136986301369863,0.1232876712328767,0,0
0.1,8,346,7,0,0,0.1506849315068493,0.0821917808219178,0,0
0.1,8,98,3,0,0,0.1095890410958904,0.1095890410958904,0,0
0.1,8,1834,8,0,0,0.1095890410958904,0.0821917808219178,0,0
0.1,8,711,14,0,0,0.1232876712328767,0.1643835616438356,0,0
0.1,8,1130,5,0,0,0.1095890410958904,0.0684931506849315,0,0
0.1,8,1764,8,0,0,0.1232876712328767,0.0821917808219178,0,0
0.1,8,309,7,0,0,0.136986301369863,0.136986301369863,0,0
0.1,8,22,20,0,0,0.0547945205479452,0.0684931506849315,0,0
0.1,8,1512,12,0,0,0.1506849315068493,0.1506849315068493,0,0
0.1,8,1615,14,0,0,0.1095890410958904,0.2602739726027397,0,0
0.1,8,1224,17,0,0,0.1232876712328767,0.0958904109589041,0,0
0.1,8,808,12,0,0,0.1095890410958904,0.1643835616438356,0,0
0.1,8,91,5,0,0,0.0684931506849315,0.1232876712328767,0,0
0.1,8,1209,10,0,0,0.0684931506849315,0.0958904109589041,0,0
0.1,8,77,5,0,0,0.1643835616438356,0.1232876712328767,0,0
0.1,8,1704,5,0,0,0.1095890410958904,0.0958904109589041,0,0
0.1,8,753,6,0,0,0.1232876712328767,0.136986301369863,0,0
0.1,8,1341,7,0,0,0.1232876712328767,0.0684931506849315,0,0
0.1,8,1133,8,0,0,0.0547945205479452,0.1506849315068493,0,0
0.1,8,894,8,0,0,0.136986301369863,0.0958904109589041,0,0
0.1,8,878,5,0,0,0.0821917808219178,0.0958904109589041,0,0
0.1,8,1892,6,0,0,0.1506849315068493,0.0684931506849315,0,0
0.1,8,227,18,0,0,0.1232876712328767,0.0958904109589041,0,0
0.1,8,1446,6,0,0,0.1232876712328767,0.0958904109589041,0,0
0.1,8,825,20,0,0,0.0684931506849315,0.0547945205479452,0,0
0.1,8,1525,11,0,0,0.1095890410958904,0.2328767123287671,0,0
0.1,8,1782,14,0,0,0.0958904109589041,0.1917808219178082,0,0
0.1,8,167,18,0,0,0.1232876712328767,0.1232876712328767,0,0
0.1,8,645,5,0,0,0.1095890410958904,0.0821917808219178,0,0
0.1,8,1643,20,0,0,0.0821917808219178,0.0821917808219178,0,0
0.1,8,1195,4,0,0,0.0958904109589041,0.0958904109589041,0,0
0.1,8,1293,13,0,0,0.0684931506849315,0.0821917808219178,0,0
0.1,8,1326,3,0,0,0.1232876712328767,0.0958904109589041,0,0
0.1,8,1901,6,0,0,0.0958904109589041,0.0958904109589041,0,0
0.1,8,604,6,0,0,0.1095890410958904,0.0821917808219178,0,0
0.1,8,1123,12,0,0,0.1095890410958904,0.1506849315068493,0,0
0.1,8,1127,19,0,0,0.1780821917808219,0.0684931506849315,0,0
0.1,8,786,17,0,0,0.136986301369863,0.0273972602739726,0,0
0.1,8,1172,7,0,0,0.136986301369863,0.0958904109589041,0,0
0.1,8,1711,15,0,0,0.1095890410958904,0.1506849315068493,0,0
0.1,8,1812,8,0,0,0.0958904109589041,0.0684931506849315,0,0
0.1,8,848,20,0,0,0.136986301369863,0.0821917808219178,0,0
0.1,8,414,20,0,0,0.0684931506849315,0.1232876712328767,0,0
0.1,8,1553,11,0,0,0.1232876712328767,0.0684931506849315,0,0
0.1,8,1026,10,0,0,0.1095890410958904,0.1506849315068493,0,0
0.1,8,1753,20,0,0,0.136986301369863,0.1506849315068493,0,0
0.1,8,169,11,0,0,0.1232876712328767,0.1643835616438356,0,0
0.1,8,62,14,0,0,0.1506849315068493,0.0547945205479452,0,0
0.1,8,1287,8,0,0,0.0958904109589041,0.136986301369863,0,0
0.1,8,809,4,0,0,0.0958904109589041,0.1232876712328767,0,0
0.1,8,185,5,0,0,0.0821917808219178,0.1232876712328767,0,0
0.1,8,1137,7,0,0,0.0958904109589041,0.1232876712328767,0,0
0.1,8,1383,20,0,0,0.0958904109589041,0.1095890410958904,0,0
0.1,8,235,20,0,0,0.1232876712328767,0.1095890410958904,0,0
0.1,8,1610,3,0,0,0.1643835616438356,0.2054794520547945,0,0
0.1,8,1083,6,0,0,0.0821917808219178,0.0958904109589041,0,0
0.1,8,236,9,0,0,0.1095890410958904,0.1506849315068493,0,0
0.1,8,677,4,0,0,0.1643835616438356,0.0684931506849315,0,0
0.1,8,649,16,0,0,0.1232876712328767,0.0684931506849315,0,0
0.15,12,1774,12,0,0,0.10144927536231885,0.11594202898550725,0,0
0.15,12,1480,7,0,0,0.07246376811594203,0.10144927536231885,0,0
0.15,12,760,10,0,0,0.10144927536231885,0.14492753623188406,0,0
0.15,12,282,20,0,0,0.17391304347826086,0.15942028985507245,0,0
0.15,12,1080,5,0,0,0.14492753623188406,0.11594202898550725,0,0
0.15,12,484,7,0,0,0.13043478260869565,0.057971014492753624,0,0
0.15,12,407,8,0,0,0.14492753623188406,0.08695652173913043,0,0
0.15,12,84,5,0,0,0.10144927536231885,0.07246376811594203,0,0
0.15,12,686,12,0,0,0.14492753623188406,0.14492753623188406,0,0
0.15,12,1272,5,0,0,0.14492753623188406,0.13043478260869565,0,0
0.15,12,1861,6,0,0,0.13043478260869565,0.08695652173913043,0,0
0.15,12,842,20,0,0,0.17391304347826086,0.10144927536231885,0,0
0.15,12,916,4,0,0,0.11594202898550725,0.11594202898550725,0,0
0.15,12,1602,15,0,0,0.17391304347826086,0.08695652173913043,0,0
0.15,12,1448,15,0,0,0.13043478260869565,0.15942028985507245,0,0
0.15,12,1175,4,0,0,0.10144927536231885,0.14492753623188406,0,0
0.15,12,288,7,0,0,0.11594202898550725,0.15942028985507245,0,0
0.15,12,1058,5,0,0,0.13043478260869565,0.057971014492753624,0,0
0.15,12,1522,20,0,0,0.08695652173913043,0.11594202898550725,0,0
0.15,12,386,15,0,0,0.11594202898550725,0.14492753623188406,0,0
0.15,12,953,3,0,0,0.13043478260869565,0.11594202898550725,0,0
0.15,12,227,6,0,0,0.14492753623188406,0.10144927536231885,0,0
0.15,12,129,20,0,0,0.2028985507246377,0.08695652173913043,0,0
0.15,12,573,7,0,0,0.11594202898550725,0.15942028985507245,0,0
0.15,12,1129,20,0,0,0.043478260869565216,0.043478260869565216,0,0
0.15,12,1487,15,0,0,0.11594202898550725,0.057971014492753624,0,0
0.15,12,1626,20,0,0,0.14492753623188406,0.11594202898550725,0,0
0.15,12,901,11,0,0,0.11594202898550725,0.08695652173913043,0,0
0.15,12,1400,5,0,0,0.07246376811594203,0.14492753623188406,0,0
0.15,12,1333,7,0,0,0.08695652173913043,0.07246376811594203,0,0
0.15,12,552,5,0,0,0.10144927536231885,0.057971014492753624,0,0
0.15,12,1815,20,0,0,0.07246376811594203,0.15942028985507245,0,0
0.15,12,1119,6,0,0,0.13043478260869565,0.15942028985507245,0,0
0.15,12,1347,13,0,0,0.08695652173913043,0.14492753623188406,0,0
0.15,12,1930,18,0,0,0.11594202898550725,0.11594202898550725,0,0
0.15,12,1433,17,0,0,0.11594202898550725,0.10144927536231885,0,0
0.15,12,1289,8,0,0,0.08695652173913043,0.18840579710144928,0,0
0.15,12,184,10,0,0,0.11594202898550725,0.10144927536231885,0,0
0.15,12,1878,6,0,0,0.11594202898550725,0.11594202898550725,0,0
0.15,12,1523,18,0,0,0.07246376811594203,0.028985507246376812,0,0
0.15,12,579,10,0,0,0.11594202898550725,0.08695652173913043,0,0
0.15,12,1330,6,0,0,0.15942028985507245,0.13043478260869565,0,0
0.15,12,1217,9,0,0,0.15942028985507245,0.043478260869565216,0,0
0.15,12,1592,6,0,0,0.08695652173913043,0.13043478260869565,0,0
0.15,12,1462,20,1,0,0.14492753623188406,0.10144927536231885,0,0
0.15,12,466,17,0,0,0.11594202898550725,0.13043478260869565,0,0
0.15,12,374,10,0,0,0.14492753623188406,0.07246376811594203,0,0
0.15,12,156,12,0,0,0.13043478260869565,0.10144927536231885,0,0
0.15,12,754,11,0,0,0.11594202898550725,0.2028985507246377,0,0
0.15,12,239,14,0,0,0.14492753623188406,0.2028985507246377,0,0
0.15,12,298,20,0,0,0.10144927536231885,0.07246376811594203,0,0
0.15,12,522,5,0,0,0.10144927536231885,0.10144927536231885,0,0
0.15,12,461,11,0,0,0.10144927536231885,0.14492753623188406,0,0
0.15,12,1179,9,0,0,0.10144927536231885,0.057971014492753624,0,0
0.15,12,1076,20,0,0,0.13043478260869565,0.10144927536231885,0,0
0.15,12,1354,20,0,0,0.11594202898550725,0.14492753623188406,0,0
0.15,12,675,4,0,0,0.11594202898550725,0.057971014492753624,0,0
0.15,12,710,3,0,0,0.17391304347826086,0.08695652173913043,0,0
0.15,12,1749,17,0,0,0.11594202898550725,0.13043478260869565,0,0
0.15,12,457,6,0,0,0.10144927536231885,0.11594202898550725,0,0
0.15,12,1954,10,0,0,0.13043478260869565,0.08695652173913043,0,0
0.15,12,1294,20,0,0,0.07246376811594203,0.10144927536231885,0,0
0.15,12,1606,20,0,0,0.057971014492753624,0.07246376811594203,0,0
0.15,12,1010,12,0,0,0.07246376811594203,0.10144927536231885,0,0
0.15,12,1573,7,0,0,0.11594202898550725,0.07246376811594203,0,0
0.15,12,575,20,0,0,0.11594202898550725,0.15942028985507245,0,0
0.15,12,310,17,0,0,0.08695652173913043,0.18840579710144928,0,0
0.15,12,1071,6,0,0,0.10144927536231885,0.043478260869565216,0,0
0.15,12,519,9,0,0,0.10144927536231885,0.10144927536231885,0,0
0.15,12,1699,7,0,0,0.10144927536231885,0.10144927536231885,0,0
0.15,12,1020,4,0,0,0.10144927536231885,0.11594202898550725,0,0
0.15,12,679,8,0,0,0.11594202898550725,0.17391304347826086,0,0
0.15,12,1623,20,0,0,0.057971014492753624,0.11594202898550725,0,0
0.15,12,1710,7,0,0,0.18840579710144928,0.057971014492753624,0,0
0.15,12,819,9,0,0,0.11594202898550725,0.14492753623188406,0,0
0.15,12,1114,8,0,0,0.13043478260869565,0.14492753623188406,0,0
0.15,12,1759,8,0,0,0.10144927536231885,0.15942028985507245,0,0
0.15,12,993,16,0,0,0.14492753623188406,0.07246376811594203,0,0
0.15,12,1538,5,0,0,0.11594202898550725,0.15942028985507245,0,0
0.15,12,576,7,0,0,0.10144927536231885,0.057971014492753624,0,0
0.15,12,884,20,0,0,0.10144927536231885,0.11594202898550725,0,0
0.15,12,367,19,0,0,0.10144927536231885,0.10144927536231885,0,0
0.15,12,1684,10,0,0,0.08695652173913043,0.15942028985507245,0,0
0.15,12,765,6,0,0,0.07246376811594203,0.07246376811594203,0,0
0.15,12,1147,4,0,0,0.11594202898550725,0.11594202898550725,0,0
0.15,12,1530,13,0,0,0.17391304347826086,0.15942028985507245,0,0
0.15,12,240,20,0,0,0.10144927536231885,0.11594202898550725,0,0
0.15,12,1257,8,0,0,0.10144927536231885,0.07246376811594203,0,0
0.15,12,1679,5,0,0,0.10144927536231885,0.10144927536231885,0,0
0.15,12,653,3,0,0,0.0,0.07246376811594203,0,0
0.15,12,1132,17,0,0,0.11594202898550725,0.057971014492753624,0,0
0.15,12,1829,20,0,0,0.17391304347826086,0.07246376811594203,0,0
0.15,12,104,5,0,0,0.13043478260869565,0.2028985507246377,0,0
0.15,12,1395,7,0,0,0.14492753623188406,0.13043478260869565,0,0
0.15,12,1089,6,0,0,0.13043478260869565,0.11594202898550725,0,0
0.15,12,687,9,0,0,0.14492753623188406,0.07246376811594203,0,0
0.15,12,815,7,0,0,0.057971014492753624,0.07246376811594203,0,0
0.15,12,1444,5,0,0,0.13043478260869565,0.10144927536231885,0,0
0.15,12,941,9,0,0,0.13043478260869565,0.07246376811594203,0,0
0.15,12,926,12,0,0,0.11594202898550725,0.13043478260869565,0,0
0.2,16,1540,4,0,0,0.07692307692307693,0.09230769230769231,0,0
0.2,16,1350,5,0,0,0.1076923076923077,0.07692307692307693,0,0
0.2,16,1388,10,0,0,0.12307692307692308,0.1076923076923077,0,0
0.2,16,1894,3,0,0,0.1076923076923077,0.09230769230769231,0,0
0.2,16,555,6,0,0,0.1076923076923077,0.046153846153846156,0,0
0.2,16,671,8,0,0,0.12307692307692308,0.2,0,0
0.2,16,812,12,0,0,0.1076923076923077,0.1076923076923077,0,0
0.2,16,925,9,0,0,0.09230769230769231,0.09230769230769231,0,0
0.2,16,1791,20,0,0,0.09230769230769231,0.1076923076923077,0,0
0.2,16,441,20,0,0,0.13846153846153847,0.15384615384615385,0,0
0.2,16,1641,10,0,0,0.06153846153846154,0.12307692307692308,0,0
0.2,16,1760,20,0,0,0.07692307692307693,0.15384615384615385,0,0
0.2,16,1527,10,0,0,0.12307692307692308,0.09230769230769231,0,0
0.2,16,1413,8,0,0,0.13846153846153847,0.09230769230769231,0,0
0.2,16,949,4,0,0,0.13846153846153847,0.046153846153846156,0,0
0.2,16,1327,20,1,0,0.09230769230769231,0.18461538461538463,0,0
0.2,16,696,7,1,0,0.16923076923076924,0.07692307692307693,0,0
0.2,16,885,8,0,0,0.09230769230769231,0.12307692307692308,0,0
0.2,16,1969,17,0,0,0.15384615384615385,0.06153846153846154,0,0
0.2,16,1180,4,1,1,0.1076923076923077,1.0,0,1
0.2,16,623,9,1,0,0.2153846153846154,0.15384615384615385,0,0
0.2,16,984,3,1,1,0.12307692307692308,1.0,0,1
0.2,16,1150,20,0,0,0.09230769230769231,0.13846153846153847,0,0
0.2,16,1504,6,1,0,0.1076923076923077,0.1076923076923077,0,0
0.2,16,610,11,0,0,0.1076923076923077,0.015384615384615385,0,0
0.2,16,1582,20,1,0,0.3076923076923077,0.16923076923076924,0,0
0.2,16,1936,15,0,0,0.07692307692307693,0.1076923076923077,0,0
0.2,16,1398,7,0,0,0.15384615384615385,0.2153846153846154,0,0
0.2,16,1382,5,0,0,0.07692307692307693,0.13846153846153847,0,0
0.2,16,1913,3,0,0,0.18461538461538463,0.06153846153846154,0,0
0.2,16,1721,9,0,0,0.1076923076923077,0.16923076923076924,0,0
0.2,16,878,4,0,0,0.07692307692307693,0.046153846153846156,0,0
0.2,16,146,5,0,0,0.09230769230769231,0.15384615384615385,0,0
0.2,16,1781,3,1,1,0.18461538461538463,1.0,0,1
0.2,16,1639,4,0,0,0.13846153846153847,0.12307692307692308,0,0
0.2,16,519,10,0,0,0.09230769230769231,0.15384615384615385,0,0
0.2,16,1904,8,0,0,0.1076923076923077,0.12307692307692308,0,0
0.2,16,1975,5,0,0,0.15384615384615385,0.015384615384615385,0,0
0.2,16,1043,3,0,0,0.15384615384615385,0.13846153846153847,0,0
0.2,16,1614,6,0,0,0.12307692307692308,0.16923076923076924,0,0
0.2,16,1161,11,1,0,0.13846153846153847,0.07692307692307693,0,0
0.2,16,1139,13,0,0,0.09230769230769231,0.2153846153846154,0,0
0.2,16,950,16,0,0,0.12307692307692308,0.13846153846153847,0,0
0.2,16,183,20,0,0,0.1076923076923077,0.12307692307692308,0,0
0.2,16,713,19,0,0,0.09230769230769231,0.1076923076923077,0,0
0.2,16,1908,9,0,0,0.12307692307692308,0.15384615384615385,0,0
0.2,16,1825,3,0,0,0.13846153846153847,0.07692307692307693,0,0
0.2,16,1396,20,0,0,0.06153846153846154,0.18461538461538463,0,0
0.2,16,1982,11,1,0,0.07692307692307693,0.06153846153846154,0,0
0.2,16,1550,4,0,0,0.09230769230769231,0.12307692307692308,0,0
0.2,16,1179,6,0,0,0.09230769230769231,0.15384615384615385,0,0
0.2,16,1268,14,1,0,0.15384615384615385,0.15384615384615385,0,0
0.2,16,785,20,0,0,0.1076923076923077,0.09230769230769231,0,0
0.2,16,681,9,0,0,0.07692307692307693,0.09230769230769231,0,0
0.2,16,1710,3,1,1,0.2923076923076923,1.0,0,1
0.2,16,1404,20,0,0,0.1076923076923077,0.1076923076923077,0,0
0.2,16,1035,20,0,0,0.09230769230769231,0.07692307692307693,0,0
0.2,16,1836,13,0,0,0.12307692307692308,0.07692307692307693,0,0
0.2,16,1025,20,1,0,0.13846153846153847,0.07692307692307693,0,0
0.2,16,566,11,0,0,0.07692307692307693,0.15384615384615385,0,0
0.2,16,446,9,0,0,0.12307692307692308,0.06153846153846154,0,0
0.2,16,12,14,0,0,0.07692307692307693,0.1076923076923077,0,0
0.2,16,1272,3,0,0,0.046153846153846156,0.07692307692307693,0,0
0.2,16,1674,20,0,0,0.1076923076923077,0.1076923076923077,0,0
0.2,16,333,17,0,0,0.1076923076923077,0.12307692307692308,0,0
0.2,16,380,6,0,0,0.12307692307692308,0.07692307692307693,0,0
0.2,16,358,5,0,0,0.12307692307692308,0.13846153846153847,0,0
0.2,16,844,20,0,0,0.1076923076923077,0.1076923076923077,0,0
0.2,16,291,20,0,0,0.13846153846153847,0.1076923076923077,0,0
0.2,16,1063,7,0,0,0.12307692307692308,0.15384615384615385,0,0
0.2,16,948,16,0,0,0.15384615384615385,0.13846153846153847,0,0
0.2,16,1420,4,0,0,0.09230769230769231,0.2,0,0
0.2,16,1970,5,0,0,0.16923076923076924,0.09230769230769231,0,0
0.2,16,1532,15,0,0,0.16923076923076924,0.09230769230769231,0,0
0.2,16,260,20,0,0,0.13846153846153847,0.046153846153846156,0,0
0.2,16,79,8,0,0,0.09230769230769231,0.15384615384615385,0,0
0.2,16,1077,12,0,0,0.16923076923076924,0.1076923076923077,0,0
0.2,16,1790,18,0,0,0.1076923076923077,0.1076923076923077,0,0
0.2,16,1525,2,1,1,1.0,1.0,1,1
0.2,16,1759,8,0,0,0.1076923076923077,0.13846153846153847,0,0
0.2,16,1757,18,0,0,0.12307692307692308,0.09230769230769231,0,0
0.2,16,1302,5,0,0,0.09230769230769231,0.07692307692307693,0,0
0.2,16,161,20,0,0,0.13846153846153847,0.07692307692307693,0,0
0.2,16,1335,20,0,0,0.12307692307692308,0.09230769230769231,0,0
0.2,16,1971,4,0,0,0.1076923076923077,0.07692307692307693,0,0
0.2,16,583,12,0,0,0.15384615384615385,0.12307692307692308,0,0
0.2,16,1928,14,0,0,0.1076923076923077,0.09230769230769231,0,0
0.2,16,1233,18,0,0,0.13846153846153847,0.15384615384615385,0,0
0.2,16,1758,4,0,0,0.15384615384615385,0.046153846153846156,0,0
0.2,16,689,10,0,0,0.13846153846153847,0.06153846153846154,0,0
0.2,16,1353,9,1,0,0.2,0.1076923076923077,0,0
0.2,16,1244,20,0,0,0.12307692307692308,0.09230769230769231,0,0
0.2,16,746,10,0,0,0.12307692307692308,0.12307692307692308,0,0
0.2,16,634,6,0,0,0.09230769230769231,0.13846153846153847,0,0
0.2,16,900,12,1,0,0.15384615384615385,0.07692307692307693,0,0
0.2,16,1002,9,0,0,0.13846153846153847,0.015384615384615385,0,0
0.2,16,1281,4,0,0,0.046153846153846156,0.1076923076923077,0,0
0.2,16,136,10,0,0,0.15384615384615385,0.13846153846153847,0,0
0.2,16,737,7,0,0,0.1076923076923077,0.06153846153846154,0,0
0.2,16,289,5,0,0,0.09230769230769231,0.15384615384615385,0,0
0.25,20,369,13,0,0,0.08196721311475409,0.14754098360655737,0,0
0.25,20,1756,13,1,0,0.13114754098360656,0.22950819672131148,0,0
0.25,20,1602,12,1,0,0.08196721311475409,0.08196721311475409,0,0
0.25,20,833,6,1,0,0.19672131147540983,0.09836065573770492,0,0
0.25,20,1747,20,1,0,0.16393442622950818,0.08196721311475409,0,0
0.25,20,1170,13,1,0,0.11475409836065574,0.08196721311475409,0,0
0.25,20,672,3,1,1,0.19672131147540983,1.0,0,1
0.25,20,1112,17,0,0,0.14754098360655737,0.21311475409836064,0,0
0.25,20,535,5,1,0,0.13114754098360656,0.13114754098360656,0,0
0.25,20,404,6,1,0,0.11475409836065574,0.14754098360655737,0,0
0.25,20,1898,5,0,0,0.06557377049180328,0.08196721311475409,0,0
0.25,20,1761,4,0,0,0.18032786885245902,0.11475409836065574,0,0
0.25,20,172,4,0,0,0.09836065573770492,0.08196721311475409,0,0
0.25,20,16,18,0,0,0.11475409836065574,0.08196721311475409,0,0
0.25,20,1723,3,0,0,0.09836065573770492,0.13114754098360656,0,0
0.25,20,1328,6,0,0,0.13114754098360656,0.22950819672131148,0,0
0.25,20,1468,10,1,0,0.16393442622950818,0.09836065573770492,0,0
0.25,20,916,20,0,0,0.13114754098360656,0.06557377049180328,0,0
0.25,20,1902,18,0,0,0.04918032786885246,0.11475409836065574,0,0
0.25,20,287,13,0,0,0.16393442622950818,0.09836065573770492,0,0
0.25,20,1318,9,0,0,0.03278688524590164,0.09836065573770492,0,0
0.25,20,1708,19,0,0,0.09836065573770492,0.11475409836065574,0,0
0.25,20,647,9,0,0,0.11475409836065574,0.08196721311475409,0,0
0.25,20,1141,8,0,0,0.06557377049180328,0.09836065573770492,0,0
0.25,20,1782,13,0,0,0.09836065573770492,0.13114754098360656,0,0
0.25,20,1535,16,0,0,0.16393442622950818,0.09836065573770492,0,0
0.25,20,1067,8,0,0,0.13114754098360656,0.06557377049180328,0,0
0.25,20,52,20,1,0,0.18032786885245902,0.13114754098360656,0,0
0.25,20,1042,20,0,0,0.09836065573770492,0.09836065573770492,0,0
0.25,20,903,20,0,0,0.08196721311475409,0.16393442622950818,0,0
0.25,20,179,15,1,0,0.26229508196721313,0.16393442622950818,0,0
0.25,20,587,14,0,0,0.13114754098360656,0.19672131147540983,0,0
0.25,20,1800,4,0,0,0.08196721311475409,0.22950819672131148,0,0
0.25,20,1871,3,1,1,0.09836065573770492,1.0,0,1
0.25,20,260,5,0,0,0.08196721311475409,0.03278688524590164,0,0
0.25,20,575,4,0,0,0.11475409836065574,0.04918032786885246,0,0
0.25,20,1794,3,0,0,0.08196721311475409,0.14754098360655737,0,0
0.25,20,15,13,0,0,0.13114754098360656,0.11475409836065574,0,0
0.25,20,705,3,1,1,0.5901639344262295,1.0,0,1
0.25,20,1305,19,0,0,0.06557377049180328,0.14754098360655737,0,0
0.25,20,122,4,1,1,0.2459016393442623,1.0,0,1
0.25,20,842,14,0,0,0.08196721311475409,0.13114754098360656,0,0
0.25,20,94,9,0,0,0.13114754098360656,0.06557377049180328,0,0
0.25,20,188,20,1,0,0.19672131147540983,0.09836065573770492,0,0
0.25,20,1695,11,0,0,0.09836065573770492,0.13114754098360656,0,0
0.25,20,1542,5,0,0,0.11475409836065574,0.16393442622950818,0,0
0.25,20,1735,4,1,1,0.18032786885245902,1.0,0,1
0.25,20,1287,12,0,0,0.13114754098360656,0.11475409836065574,0,0
0.25,20,935,10,0,0,0.11475409836065574,0.13114754098360656,0,0
0.25,20,1227,4,1,0,0.11475409836065574,0.03278688524590164,0,0
0.25,20,772,10,0,0,0.11475409836065574,0.09836065573770492,0,0
0.25,20,1681,3,1,1,0.13114754098360656,1.0,0,1
0.25,20,1475,12,0,0,0.11475409836065574,0.04918032786885246,0,0
0.25,20,1401,20,0,0,0.13114754098360656,0.06557377049180328,0,0
0.25,20,1045,12,1,0,0.13114754098360656,0.09836065573770492,0,0
0.25,20,1377,12,0,0,0.03278688524590164,0.08196721311475409,0,0
0.25,20,684,13,1,0,0.11475409836065574,0.11475409836065574,0,0
0.25,20,1537,20,0,0,0.13114754098360656,0.14754098360655737,0,0
0.25,20,1215,9,0,0,0.16393442622950818,0.06557377049180328,0,0
0.25,20,1244,20,0,0,0.04918032786885246,0.06557377049180328,0,0
0.25,20,1909,3,1,1,0.21311475409836064,1.0,0,1
0.25,20,406,7,0,0,0.11475409836065574,0.11475409836065574,0,0
0.25,20,622,3,0,0,0.06557377049180328,0.08196721311475409,0,0
0.25,20,739,3,0,0,0.11475409836065574,0.11475409836065574,0,0
0.25,20,33,20,0,0,0.11475409836065574,0.09836065573770492,0,0
0.25,20,126,14,0,0,0.09836065573770492,0.08196721311475409,0,0
0.25,20,1175,3,1,1,0.14754098360655737,1.0,0,1
0.25,20,957,3,0,0,0.14754098360655737,0.2459016393442623,0,0
0.25,20,635,12,0,0,0.14754098360655737,0.09836065573770492,0,0
0.25,20,1402,10,0,0,0.08196721311475409,0.09836065573770492,0,0
0.25,20,1589,3,0,0,0.18032786885245902,0.09836065573770492,0,0
0.25,20,1741,20,0,0,0.09836065573770492,0.08196721311475409,0,0
0.25,20,958,20,0,0,0.06557377049180328,0.13114754098360656,0,0
0.25,20,1958,6,0,0,0.13114754098360656,0.06557377049180328,0,0
0.25,20,1890,6,0,0,0.16393442622950818,0.04918032786885246,0,0
0.25,20,254,5,1,0,0.04918032786885246,0.14754098360655737,0,0
0.25,20,656,2,1,1,1.0,1.0,1,1
0.25,20,30,6,1,0,0.16393442622950818,0.03278688524590164,0,0
0.25,20,900,3,1,1,0.5737704918032787,1.0,0,1
0.25,20,37,5,1,0,0.09836065573770492,0.01639344262295082,0,0
0.25,20,1394,10,0,0,0.14754098360655737,0.13114754098360656,0,0
0.25,20,1621,17,0,0,0.11475409836065574,0.11475409836065574,0,0
0.25,20,90,11,0,0,0.13114754098360656,0.14754098360655737,0,0
0.25,20,827,20,1,0,0.14754098360655737,0.19672131147540983,0,0
0.25,20,876,3,1,1,0.22950819672131148,1.0,0,1
0.25,20,1144,20,0,0,0.06557377049180328,0.09836065573770492,0,0
0.25,20,29,6,0,0,0.08196721311475409,0.16393442622950818,0,0
0.25,20,1525,20,0,0,0.14754098360655737,0.16393442622950818,0,0
0.25,20,1083,3,0,0,0.06557377049180328,0.13114754098360656,0,0
0.25,20,1799,7,0,0,0.13114754098360656,0.11475409836065574,0,0
0.25,20,1605,17,0,0,0.14754098360655737,0.06557377049180328,0,0
0.25,20,236,6,1,0,0.16393442622950818,0.11475409836065574,0,0
0.25,20,1584,9,1,0,0.22950819672131148,0.04918032786885246,0,0
0.25,20,1258,3,1,1,0.5573770491803278,1.0,0,1
0.25,20,412,18,1,0,0.14754098360655737,0.11475409836065574,0,0
0.25,20,1173,3,1,1,0.21311475409836064,1.0,0,1
0.25,20,573,5,0,0,0.09836065573770492,0.09836065573770492,0,0
0.25,20,874,4,1,1,0.11475409836065574,1.0,0,1
0.25,20,1155,5,0,0,0.11475409836065574,0.09836065573770492,0,0
0.25,20,230,20,0,0,0.13114754098360656,0.13114754098360656,0,0
0.3,24,1207,3,1,1,0.7543859649122807,1.0,0,1
0.3,24,1125,5,0,0,0.12280701754385964,0.15789473684210525,0,0
0.3,24,950,3,1,1,0.2631578947368421,1.0,0,1
0.3,24,588,14,0,0,0.12280701754385964,0.05263157894736842,0,0
0.3,24,1730,3,1,1,0.543859649122807,1.0,0,1
0.3,24,38,3,1,1,0.21052631578947367,1.0,0,1
0.3,24,1844,20,0,0,0.10526315789473684,0.05263157894736842,0,0
0.3,24,1407,10,0,0,0.12280701754385964,0.10526315789473684,0,0
0.3,24,262,8,1,0,0.07017543859649122,0.10526315789473684,0,0
0.3,24,413,2,1,1,1.0,1.0,1,1
0.3,24,167,13,0,0,0.10526315789473684,0.15789473684210525,0,0
0.3,24,1721,20,0,0,0.12280701754385964,0.07017543859649122,0,0
0.3,24,553,3,1,1,0.2982456140350877,1.0,0,1
0.3,24,555,3,1,1,0.24561403508771928,1.0,0,1
0.3,24,315,12,1,0,0.21052631578947367,0.12280701754385964,0,0
0.3,24,1233,3,1,1,0.9122807017543859,1.0,0,1
0.3,24,1548,9,0,0,0.10526315789473684,0.03508771929824561,0,0
0.3,24,942,6,0,0,0.10526315789473684,0.10526315789473684,0,0
0.3,24,1182,6,1,0,0.19298245614035087,0.2631578947368421,0,0
0.3,24,156,2,1,1,1.0,1.0,1,1
0.3,24,725,3,1,1,0.22807017543859648,1.0,0,1
0.3,24,1126,6,0,0,0.05263157894736842,0.17543859649122806,0,0
0.3,24,1312,4,1,0,0.15789473684210525,0.14035087719298245,0,0
0.3,24,732,14,1,0,0.08771929824561403,0.12280701754385964,0,0
0.3,24,1298,4,0,0,0.10526315789473684,0.15789473684210525,0,0
0.3,24,579,18,1,0,0.19298245614035087,0.22807017543859648,0,0
0.3,24,857,15,1,0,0.10526315789473684,0.08771929824561403,0,0
0.3,24,243,2,1,1,1.0,1.0,1,1
0.3,24,719,8,1,0,0.21052631578947367,0.07017543859649122,0,0
0.3,24,641,3,1,1,0.2807017543859649,1.0,0,1
0.3,24,1944,5,0,0,0.24561403508771928,0.10526315789473684,0,0
0.3,24,426,14,0,0,0.10526315789473684,0.12280701754385964,0,0
0.3,24,1204,7,0,0,0.14035087719298245,0.15789473684210525,0,0
0.3,24,1316,9,1,0,0.14035087719298245,0.07017543859649122,0,0
0.3,24,1102,6,0,0,0.10526315789473684,0.10526315789473684,0,0
0.3,24,249,3,1,1,0.2982456140350877,1.0,0,1
0.3,24,1673,20,0,0,0.10526315789473684,0.15789473684210525,0,0
0.3,24,776,20,1,0,0.14035087719298245,0.12280701754385964,0,0
0.3,24,1429,19,0,0,0.12280701754385964,0.12280701754385964,0,0
0.3,24,1642,6,0,0,0.08771929824561403,0.12280701754385964,0,0
0.3,24,540,20,1,0,0.15789473684210525,0.12280701754385964,0,0
0.3,24,1666,5,1,1,0.22807017543859648,1.0,0,1
0.3,24,491,3,1,1,0.7543859649122807,1.0,0,1
0.3,24,876,20,0,0,0.14035087719298245,0.07017543859649122,0,0
0.3,24,1215,9,0,0,0.12280701754385964,0.17543859649122806,0,0
0.3,24,305,6,0,0,0.08771929824561403,0.10526315789473684,0,0
0.3,24,635,3,1,1,0.3157894736842105,1.0,0,1
0.3,24,1410,17,1,0,0.17543859649122806,0.12280701754385964,0,0
0.3,24,1295,7,0,0,0.10526315789473684,0.24561403508771928,0,0
0.3,24,885,3,1,1,0.47368421052631576,1.0,0,1
0.3,24,1688,6,1,0,0.15789473684210525,0.03508771929824561,0,0
0.3,24,1537,3,1,1,0.24561403508771928,1.0,0,1
0.3,24,556,3,1,1,0.2631578947368421,1.0,0,1
0.3,24,997,12,0,0,0.017543859649122806,0.15789473684210525,0,0
0.3,24,845,6,0,0,0.08771929824561403,0.03508771929824561,0,0
0.3,24,447,4,1,1,0.2982456140350877,1.0,0,1
0.3,24,1487,3,1,1,0.3157894736842105,1.0,0,1
0.3,24,787,7,1,0,0.19298245614035087,0.07017543859649122,0,0
0.3,24,1516,20,0,0,0.14035087719298245,0.12280701754385964,0,0
0.3,24,367,20,1,0,0.19298245614035087,0.12280701754385964,0,0
0.3,24,605,13,1,0,0.21052631578947367,0.19298245614035087,0,0
0.3,24,1625,20,0,0,0.10526315789473684,0.07017543859649122,0,0
0.3,24,585,12,1,0,0.14035087719298245,0.05263157894736842,0,0
0.3,24,1475,5,0,0,0.12280701754385964,0.12280701754385964,0,0
0.3,24,425,17,0,0,0.05263157894736842,0.19298245614035087,0,0
0.3,24,518,6,1,0,0.12280701754385964,0.03508771929824561,0,0
0.3,24,1486,4,1,1,0.15789473684210525,1.0,0,1
0.3,24,276,3,1,1,0.22807017543859648,1.0,0,1
0.3,24,1098,8,1,0,0.2807017543859649,0.08771929824561403,0,0
0.3,24,494,11,1,0,0.12280701754385964,0.10526315789473684,0,0
0.3,24,1925,7,1,0,0.17543859649122806,0.08771929824561403,0,0
0.3,24,1939,7,0,0,0.08771929824561403,0.10526315789473684,0,0
0.3,24,946,14,1,0,0.17543859649122806,0.10526315789473684,0,0
0.3,24,596,17,0,0,0.10526315789473684,0.10526315789473684,0,0
0.3,24,979,20,0,0,0.05263157894736842,0.05263157894736842,0,0
0.3,24,932,5,0,0,0.12280701754385964,0.15789473684210525,0,0
0.3,24,1677,17,0,0,0.15789473684210525,0.17543859649122806,0,0
0.3,24,839,3,1,1,0.2631578947368421,1.0,0,1
0.3,24,1404,6,0,0,0.07017543859649122,0.15789473684210525,0,0
0.3,24,1439,13,1,0,0.17543859649122806,0.15789473684210525,0,0
0.3,24,672,3,1,1,0.17543859649122806,1.0,0,1
0.3,24,883,17,1,0,0.10526315789473684,0.14035087719298245,0,0
0.3,24,91,3,0,0,0.14035087719298245,0.08771929824561403,0,0
0.3,24,1840,20,0,0,0.17543859649122806,0.05263157894736842,0,0
0.3,24,529,3,0,0,0.08771929824561403,0.08771929824561403,0,0
0.3,24,1454,11,1,0,0.17543859649122806,0.08771929824561403,0,0
0.3,24,1575,20,0,0,0.08771929824561403,0.12280701754385964,0,0
0.3,24,1099,2,1,1,1.0,1.0,1,1
0.3,24,1167,20,1,0,0.17543859649122806,0.07017543859649122,0,0
0.3,24,1377,7,1,0,0.08771929824561403,0.12280701754385964,0,0
0.3,24,1324,3,1,1,0.9649122807017544,1.0,0,1
0.3,24,56,8,0,0,0.10526315789473684,0.03508771929824561,0,0
0.3,24,212,15,1,0,0.15789473684210525,0.15789473684210525,0,0
0.3,24,1963,3,1,1,0.47368421052631576,1.0,0,1
0.3,24,729,2,1,1,1.0,1.0,1,1
0.3,24,1403,8,0,0,0.12280701754385964,0.017543859649122806,0,0
0.3,24,1367,20,0,0,0.10526315789473684,0.14035087719298245,0,0
0.3,24,1535,20,0,0,0.08771929824561403,0.07017543859649122,0,0
0.3,24,1659,2,1,1,1.0,1.0,1,1
0.3,24,929,3,1,1,0.9649122807017544,1.0,0,1
0.4,32,1948,6,1,0,0.2653061224489796,0.10204081632653061,0,0
0.4,32,1087,4,1,1,0.24489795918367346,1.0,0,1
0.4,32,465,2,1,1,1.0,1.0,1,1
0.4,32,1744,2,1,1,1.0,1.0,1,1
0.4,32,1035,3,1,1,0.3877551020408163,1.0,0,1
0.4,32,792,3,1,1,0.8571428571428571,1.0,0,1
0.4,32,388,3,1,1,0.9183673469387755,1.0,0,1
0.4,32,19,3,1,1,0.5102040816326531,1.0,0,1
0.4,32,945,4,1,1,0.1836734693877551,1.0,0,1
0.4,32,1525,2,1,1,1.0,1.0,1,1
0.4,32,302,2,1,1,1.0,1.0,1,1
0.4,32,1605,3,1,1,0.22448979591836735,1.0,0,1
0.4,32,1755,6,0,0,0.10204081632653061,0.04081632653061224,0,0
0.4,32,1252,3,1,1,0.32653061224489793,1.0,0,1
0.4,32,1173,2,1,1,1.0,1.0,1,1
0.4,32,1788,3,1,1,0.46938775510204084,1.0,0,1
0.4,32,1432,3,1,1,0.46938775510204084,1.0,0,1
0.4,32,904,20,0,0,0.10204081632653061,0.10204081632653061,0,0
0.4,32,1877,2,1,1,1.0,1.0,1,1
0.4,32,861,3,1,1,0.2653061224489796,1.0,0,1
0.4,32,288,3,1,1,0.14285714285714285,1.0,0,1
0.4,32,1670,3,1,1,0.8367346938775511,1.0,0,1
0.4,32,1629,3,1,1,0.1836734693877551,1.0,0,1
0.4,32,1332,7,0,0,0.10204081632653061,0.14285714285714285,0,0
0.4,32,54,3,1,1,0.24489795918367346,1.0,0,1
0.4,32,1090,3,1,1,0.9183673469387755,1.0,0,1
0.4,32,83,20,1,0,0.10204081632653061,0.10204081632653061,0,0
0.4,32,602,2,1,1,1.0,1.0,1,1
0.4,32,1627,3,1,1,0.3673469387755102,1.0,0,1
0.4,32,486,2,1,1,1.0,1.0,1,1
0.4,32,578,2,1,1,1.0,1.0,1,1
0.4,32,1685,20,0,0,0.10204081632653061,0.16326530612244897,0,0
0.4,32,1341,15,1,0,0.12244897959183673,0.061224489795918366,0,0
0.4,32,1643,2,1,1,1.0,1.0,1,1
0.4,32,1282,3,1,1,0.1836734693877551,1.0,0,1
0.4,32,619,2,1,1,1.0,1.0,1,1
0.4,32,1938,2,1,1,1.0,1.0,1,1
0.4,32,1637,3,1,1,0.3469387755102041,1.0,0,1
0.4,32,1363,3,0,0,0.10204081632653061,0.12244897959183673,0,0
0.4,32,1798,2,1,1,1.0,1.0,1,1
0.4,32,1624,2,1,1,1.0,1.0,1,1
0.4,32,1015,3,1,1,0.1836734693877551,1.0,0,1
0.4,32,62,4,1,1,0.16326530612244897,1.0,0,1
0.4,32,785,5,1,0,0.14285714285714285,0.10204081632653061,0,0
0.4,32,11,2,1,1,1.0,1.0,1,1
0.4,32,1997,3,1,1,0.3469387755102041,1.0,0,1
0.4,32,1388,3,1,1,0.1836734693877551,1.0,0,1
0.4,32,151,4,1,0,0.24489795918367346,0.061224489795918366,0,0
0.4,32,1066,2,1,1,1.0,1.0,1,1
0.4,32,737,15,1,0,0.14285714285714285,0.10204081632653061,0,0
0.4,32,1161,15,1,0,0.08163265306122448,0.10204081632653061,0,0
0.4,32,439,2,1,1,1.0,1.0,1,1
0.4,32,1763,2,1,1,1.0,1.0,1,1
0.4,32,70,8,1,0,0.16326530612244897,0.14285714285714285,0,0
0.4,32,463,3,1,1,0.3469387755102041,1.0,0,1
0.4,32,1171,3,1,1,0.3673469387755102,1.0,0,1
0.4,32,1967,3,1,1,0.14285714285714285,1.0,0,1
0.4,32,964,4,1,1,0.16326530612244897,1.0,0,1
0.4,32,577,3,1,1,0.12244897959183673,1.0,0,1
0.4,32,293,2,1,1,1.0,1.0,1,1
0.4,32,620,2,1,1,1.0,1.0,1,1
0.4,32,294,3,1,1,0.3469387755102041,1.0,0,1
0.4,32,399,2,1,1,1.0,1.0,1,1
0.4,32,372,2,1,1,1.0,1.0,1,1
0.4,32,1964,3,1,1,0.7755102040816326,1.0,0,1
0.4,32,38,3,1,1,0.9591836734693877,1.0,0,1
0.4,32,1050,3,1,1,0.2653061224489796,1.0,0,1
0.4,32,453,2,1,1,1.0,1.0,1,1
0.4,32,1927,3,1,1,0.46938775510204084,1.0,0,1
0.4,32,49,2,1,1,1.0,1.0,1,1
0.4,32,1891,9,1,0,0.16326530612244897,0.10204081632653061,0,0
0.4,32,1139,5,1,0,0.12244897959183673,0.1836734693877551,0,0
0.4,32,412,3,1,1,0.3469387755102041,1.0,0,1
0.4,32,1306,2,1,1,1.0,1.0,1,1
0.4,32,1843,3,1,1,0.3469387755102041,1.0,0,1
0.4,32,272,2,1,1,1.0,1.0,1,1
0.4,32,416,3,1,1,0.24489795918367346,1.0,0,1
0.4,32,1350,2,1,1,1.0,1.0,1,1
0.4,32,716,3,1,1,0.5306122448979592,1.0,0,1
0.4,32,1435,3,1,1,0.30612244897959184,1.0,0,1
0.4,32,1660,3,1,1,0.8775510204081632,1.0,0,1
0.4,32,258,10,0,0,0.10204081632653061,0.14285714285714285,0,0
0.4,32,1390,2,1,1,1.0,1.0,1,1
0.4,32,813,2,1,1,1.0,1.0,1,1
0.4,32,1384,3,1,1,0.3469387755102041,1.0,0,1
0.4,32,887,2,1,1,1.0,1.0,1,1
0.4,32,78,3,1,1,0.8163265306122449,1.0,0,1
0.4,32,1159,2,1,1,1.0,1.0,1,1
0.4,32,1187,3,1,1,0.7346938775510204,1.0,0,1
0.4,32,1954,3,1,1,0.8775510204081632,1.0,0,1
0.4,32,1089,2,1,1,1.0,1.0,1,1
0.4,32,977,2,1,1,1.0,1.0,1,1
0.4,32,1231,2,1,1,1.0,1.0,1,1
0.4,32,699,7,0,0,0.08163265306122448,0.12244897959183673,0,0
0.4,32,1162,2,1,1,1.0,1.0,1,1
0.4,32,1278,2,1,1,1.0,1.0,1,1
0.4,32,803,4,1,1,0.14285714285714285,1.0,0,1
0.4,32,837,2,1,1,1.0,1.0,1,1
0.4,32,707,3,1,1,0.40816326530612246,1.0,0,1
0.4,32,1060,2,1,1,1.0,1.0,1,1
0.5,40,970,2,1,1,1.0,1.0,1,1
0.5,40,1624,2,1,1,1.0,1.0,1,1
0.5,40,866,2,1,1,1.0,1.0,1,1
0.5,40,906,2,1,1,1.0,1.0,1,1
0.5,40,252,2,1,1,1.0,1.0,1,1
0.5,40,658,2,1,1,1.0,1.0,1,1
0.5,40,1698,2,1,1,1.0,1.0,1,1
0.5,40,463,2,1,1,1.0,1.0,1,1
0.5,40,629,2,1,1,1.0,1.0,1,1
0.5,40,644,2,1,1,1.0,1.0,1,1
0.5,40,1948,2,1,1,1.0,1.0,1,1
0.5,40,1259,2,1,1,1.0,1.0,1,1
0.5,40,533,2,1,1,1.0,1.0,1,1
0.5,40,131,2,1,1,1.0,1.0,1,1
0.5,40,1428,2,1,1,1.0,1.0,1,1
0.5,40,1832,3,1,1,0.3170731707317073,1.0,0,1
0.5,40,220,2,1,1,1.0,1.0,1,1
0.5,40,1892,2,1,1,1.0,1.0,1,1
0.5,40,753,2,1,1,1.0,1.0,1,1
0.5,40,815,2,1,1,1.0,1.0,1,1
0.5,40,523,2,1,1,1.0,1.0,1,1
0.5,40,563,2,1,1,1.0,1.0,1,1
0.5,40,294,2,1,1,1.0,1.0,1,1
0.5,40,233,2,1,1,1.0,1.0,1,1
0.5,40,1160,2,1,1,1.0,1.0,1,1
0.5,40,589,2,1,1,1.0,1.0,1,1
0.5,40,530,2,1,1,1.0,1.0,1,1
0.5,40,1438,2,1,1,1.0,1.0,1,1
0.5,40,1672,3,1,1,0.9024390243902439,1.0,0,1
0.5,40,861,3,1,1,0.36585365853658536,1.0,0,1
0.5,40,1342,2,1,1,1.0,1.0,1,1
0.5,40,158,2,1,1,1.0,1.0,1,1
0.5,40,61,2,1,1,1.0,1.0,1,1
0.5,40,1861,2,1,1,1.0,1.0,1,1
0.5,40,1043,2,1,1,1.0,1.0,1,1
0.5,40,1399,2,1,1,1.0,1.0,1,1
0.5,40,1963,4,1,1,0.14634146341463414,1.0,0,1
0.5,40,1186,2,1,1,1.0,1.0,1,1
0.5,40,560,2,1,1,1.0,1.0,1,1
0.5,40,387,3,1,1,0.3170731707317073,1.0,0,1
0.5,40,646,2,1,1,1.0,1.0,1,1
0.5,40,79,2,1,1,1.0,1.0,1,1
0.5,40,1456,2,1,1,1.0,1.0,1,1
0.5,40,782,2,1,1,1.0,1.0,1,1
0.5,40,8,2,1,1,1.0,1.0,1,1
0.5,40,774,2,1,1,1.0,1.0,1,1
0.5,40,1498,2,1,1,1.0,1.0,1,1
0.5,40,78,2,1,1,1.0,1.0,1,1
0.5,40,960,2,1,1,1.0,1.0,1,1
0.5,40,1952,2,1,1,1.0,1.0,1,1
0.5,40,1244,2,1,1,1.0,1.0,1,1
0.5,40,1375,2,1,1,1.0,1.0,1,1
0.5,40,1606,2,1,1,1.0,1.0,1,1
0.5,40,1651,2,1,1,1.0,1.0,1,1
0.5,40,30,3,1,1,0.4878048780487805,1.0,0,1
0.5,40,1255,2,1,1,1.0,1.0,1,1
0.5,40,146,3,1,1,0.7804878048780488,1.0,0,1
0.5,40,490,2,1,1,1.0,1.0,1,1
0.5,40,144,2,1,1,1.0,1.0,1,1
0.5,40,1359,3,1,1,1.0,1.0,0,1
0.5,40,1915,2,1,1,1.0,1.0,1,1
0.5,40,1969,2,1,1,1.0,1.0,1,1
0.5,40,205,2,1,1,1.0,1.0,1,1
0.5,40,666,2,1,1,1.0,1.0,1,1
0.5,40,393,2,1,1,1.0,1.0,1,1
0.5,40,431,2,1,1,1.0,1.0,1,1
0.5,40,1617,2,1,1,1.0,1.0,1,1
0.5,40,1705,3,1,1,0.1951219512195122,1.0,0,1
0.5,40,1312,2,1,1,1.0,1.0,1,1
0.5,40,1358,2,1,1,1.0,1.0,1,1
0.5,40,1585,9,1,0,0.2926829268292683,0.14634146341463414,0,0
0.5,40,1466,2,1,1,1.0,1.0,1,1
0.5,40,195,2,1,1,1.0,1.0,1,1
0.5,40,388,2,1,1,1.0,1.0,1,1
0.5,40,1301,2,1,1,1.0,1.0,1,1
0.5,40,1509,3,1,1,0.7560975609756098,1.0,0,1
0.5,40,1593,2,1,1,1.0,1.0,1,1
0.5,40,1215,2,1,1,1.0,1.0,1,1
0.5,40,1274,2,1,1,1.0,1.0,1,1
0.5,40,467,2,1,1,1.0,1.0,1,1
0.5,40,1956,2,1,1,1.0,1.0,1,1
0.5,40,1000,2,1,1,1.0,1.0,1,1
0.5,40,444,2,1,1,1.0,1.0,1,1
0.5,40,1256,2,1,1,1.0,1.0,1,1
0.5,40,102,2,1,1,1.0,1.0,1,1
0.5,40,507,2,1,1,1.0,1.0,1,1
0.5,40,1656,2,1,1,1.0,1.0,1,1
0.5,40,502,2,1,1,1.0,1.0,1,1
0.5,40,343,2,1,1,1.0,1.0,1,1
0.5,40,1736,2,1,1,1.0,1.0,1,1
0.5,40,718,2,1,1,1.0,1.0,1,1
0.5,40,1133,2,1,1,1.0,1.0,1,1
0.5,40,128,2,1,1,1.0,1.0,1,1
0.5,40,1116,2,1,1,1.0,1.0,1,1
0.5,40,472,2,1,1,1.0,1.0,1,1
0.5,40,868,2,1,1,1.0,1.0,1,1
0.5,40,1972,2,1,1,1.0,1.0,1,1
0.5,40,1008,6,0,0,0.0975609756097561,0.12195121951219512,0,0
0.5,40,246,2,1,1,1.0,1.0,1,1
0.5,40,602,2,1,1,1.0,1.0,1,1
0.7,57,643,2,1,1,1.0,1.0,1,1
0.7,57,633,2,1,1,1.0,1.0,1,1
0.7,57,1610,2,1,1,1.0,1.0,1,1
0.7,57,1228,2,1,1,1.0,1.0,1,1
0.7,57,656,2,1,1,1.0,1.0,1,1
0.7,57,1111,2,1,1,1.0,1.0,1,1
0.7,57,1059,2,1,1,1.0,1.0,1,1
0.7,57,1056,2,1,1,1.0,1.0,1,1
0.7,57,1532,2,1,1,1.0,1.0,1,1
0.7,57,724,2,1,1,1.0,1.0,1,1
0.7,57,635,2,1,1,1.0,1.0,1,1
0.7,57,300,2,1,1,1.0,1.0,1,1
0.7,57,762,2,1,1,1.0,1.0,1,1
0.7,57,934,2,1,1,1.0,1.0,1,1
0.7,57,1711,2,1,1,1.0,1.0,1,1
0.7,57,1833,2,1,1,1.0,1.0,1,1
0.7,57,63,2,1,1,1.0,1.0,1,1
0.7,57,999,2,1,1,1.0,1.0,1,1
0.7,57,1312,2,1,1,1.0,1.0,1,1
0.7,57,750,2,1,1,1.0,1.0,1,1
0.7,57,411,2,1,1,1.0,1.0,1,1
0.7,57,1924,2,1,1,1.0,1.0,1,1
0.7,57,644,2,1,1,1.0,1.0,1,1
0.7,57,1069,2,1,1,1.0,1.0,1,1
0.7,57,548,2,1,1,1.0,1.0,1,1
0.7,57,825,2,1,1,1.0,1.0,1,1
0.7,57,1208,2,1,1,1.0,1.0,1,1
0.7,57,75,2,1,1,1.0,1.0,1,1
0.7,57,45,2,1,1,1.0,1.0,1,1
0.7,57,126,2,1,1,1.0,1.0,1,1
0.7,57,1027,2,1,1,1.0,1.0,1,1
0.7,57,1793,2,1,1,1.0,1.0,1,1
0.7,57,73,2,1,1,1.0,1.0,1,1
0.7,57,1180,2,1,1,1.0,1.0,1,1
0.7,57,524,2,1,1,1.0,1.0,1,1
0.7,57,1176,2,1,1,1.0,1.0,1,1
0.7,57,631,2,1,1,1.0,1.0,1,1
0.7,57,1964,2,1,1,1.0,1.0,1,1
0.7,57,937,2,1,1,1.0,1.0,1,1
0.7,57,1459,2,1,1,1.0,1.0,1,1
0.7,57,572,2,1,1,1.0,1.0,1,1
0.7,57,1408,2,1,1,1.0,1.0,1,1
0.7,57,208,2,1,1,1.0,1.0,1,1
0.7,57,979,2,1,1,1.0,1.0,1,1
0.7,57,1030,2,1,1,1.0,1.0,1,1
0.7,57,1196,2,1,1,1.0,1.0,1,1
0.7,57,1145,2,1,1,1.0,1.0,1,1
0.7,57,37,2,1,1,1.0,1.0,1,1
0.7,57,798,2,1,1,1.0,1.0,1,1
0.7,57,273,2,1,1,1.0,1.0,1,1
0.7,57,219,2,1,1,1.0,1.0,1,1
0.7,57,645,2,1,1,1.0,1.0,1,1
0.7,57,1800,2,1,1,1.0,1.0,1,1
0.7,57,1190,2,1,1,1.0,1.0,1,1
0.7,57,1405,2,1,1,1.0,1.0,1,1
0.7,57,159,2,1,1,1.0,1.0,1,1
0.7,57,948,2,1,1,1.0,1.0,1,1
0.7,57,1024,2,1,1,1.0,1.0,1,1
0.7,57,1602,2,1,1,1.0,1.0,1,1
0.7,57,1099,2,1,1,1.0,1.0,1,1
0.7,57,1235,2,1,1,1.0,1.0,1,1
0.7,57,1596,2,1,1,1.0,1.0,1,1
0.7,57,1085,2,1,1,1.0,1.0,1,1
0.7,57,1840,2,1,1,1.0,1.0,1,1
0.7,57,1860,2,1,1,1.0,1.0,1,1
0.7,57,624,2,1,1,1.0,1.0,1,1
0.7,57,639,2,1,1,1.0,1.0,1,1
0.7,57,1789,2,1,1,1.0,1.0,1,1
0.7,57,814,2,1,1,1.0,1.0,1,1
0.7,57,1223,2,1,1,1.0,1.0,1,1
0.7,57,1281,2,1,1,1.0,1.0,1,1
0.7,57,340,2,1,1,1.0,1.0,1,1
0.7,57,711,2,1,1,1.0,1.0,1,1
0.7,57,752,2,1,1,1.0,1.0,1,1
0.7,57,1903,2,1,1,1.0,1.0,1,1
0.7,57,30,2,1,1,1.0,1.0,1,1
0.7,57,1947,2,1,1,1.0,1.0,1,1
0.7,57,1127,2,1,1,1.0,1.0,1,1
0.7,57,1211,2,1,1,1.0,1.0,1,1
0.7,57,1997,2,1,1,1.0,1.0,1,1
0.7,57,685,2,1,1,1.0,1.0,1,1
0.7,57,163,2,1,1,1.0,1.0,1,1
0.7,57,1472,2,1,1,1.0,1.0,1,1
0.7,57,965,2,1,1,1.0,1.0,1,1
0.7,57,1999,2,1,1,1.0,1.0,1,1
0.7,57,1799,2,1,1,1.0,1.0,1,1
0.7,57,1638,2,1,1,1.0,1.0,1,1
0.7,57,1625,2,1,1,1.0,1.0,1,1
0.7,57,703,2,1,1,1.0,1.0,1,1
0.7,57,469,2,1,1,1.0,1.0,1,1
0.7,57,117,2,1,1,1.0,1.0,1,1
0.7,57,1777,2,1,1,1.0,1.0,1,1
0.7,57,1117,2,1,1,1.0,1.0,1,1
0.7,57,301,2,1,1,1.0,1.0,1,1
0.7,57,929,2,1,1,1.0,1.0,1,1
0.7,57,1939,2,1,1,1.0,1.0,1,1
0.7,57,279,2,1,1,1.0,1.0,1,1
0.7,57,605,2,1,1,1.0,1.0,1,1
0.7,57,397,2,1,1,1.0,1.0,1,1
0.7,57,1243,2,1,1,1.0,1.0,1,1
0.9,73,840,2,1,1,1.0,1.0,1,1
0.9,73,1274,2,1,1,1.0,1.0,1,1
0.9,73,1085,2,1,1,1.0,1.0,1,1
0.9,73,133,2,1,1,1.0,1.0,1,1
0.9,73,258,2,1,1,1.0,1.0,1,1
0.9,73,663,2,1,1,1.0,1.0,1,1
0.9,73,871,2,1,1,1.0,1.0,1,1
0.9,73,1312,2,1,1,1.0,1.0,1,1
0.9,73,418,2,1,1,1.0,1.0,1,1
0.9,73,319,2,1,1,1.0,1.0,1,1
0.9,73,1864,2,1,1,1.0,1.0,1,1
0.9,73,382,2,1,1,1.0,1.0,1,1
0.9,73,116,2,1,1,1.0,1.0,1,1
0.9,73,317,2,1,1,1.0,1.0,1,1
0.9,73,1103,2,1,1,1.0,1.0,1,1
0.9,73,1965,2,1,1,1.0,1.0,1,1
0.9,73,286,2,1,1,1.0,1.0,1,1
0.9,73,1619,2,1,1,1.0,1.0,1,1
0.9,73,838,2,1,1,1.0,1.0,1,1
0.9,73,1510,2,1,1,1.0,1.0,1,1
0.9,73,130,2,1,1,1.0,1.0,1,1
0.9,73,318,2,1,1,1.0,1.0,1,1
0.9,73,268,2,1,1,1.0,1.0,1,1
0.9,73,648,2,1,1,1.0,1.0,1,1
0.9,73,625,2,1,1,1.0,1.0,1,1
0.9,73,96,2,1,1,1.0,1.0,1,1
0.9,73,1360,2,1,1,1.0,1.0,1,1
0.9,73,1464,2,1,1,1.0,1.0,1,1
0.9,73,1790,2,1,1,1.0,1.0,1,1
0.9,73,1608,2,1,1,1.0,1.0,1,1
0.9,73,1657,2,1,1,1.0,1.0,1,1
0.9,73,834,2,1,1,1.0,1.0,1,1
0.9,73,1527,2,1,1,1.0,1.0,1,1
0.9,73,463,2,1,1,1.0,1.0,1,1
0.9,73,1483,2,1,1,1.0,1.0,1,1
0.9,73,169,2,1,1,1.0,1.0,1,1
0.9,73,534,2,1,1,1.0,1.0,1,1
0.9,73,1147,2,1,1,1.0,1.0,1,1
0.9,73,1220,2,1,1,1.0,1.0,1,1
0.9,73,1914,2,1,1,1.0,1.0,1,1
0.9,73,949,2,1,1,1.0,1.0,1,1
0.9,73,232,2,1,1,1.0,1.0,1,1
0.9,73,1101,2,1,1,1.0,1.0,1,1
0.9,73,1514,2,1,1,1.0,1.0,1,1
0.9,73,97,2,1,1,1.0,1.0,1,1
0.9,73,874,2,1,1,1.0,1.0,1,1
0.9,73,1359,2,1,1,1.0,1.0,1,1
0.9,73,560,2,1,1,1.0,1.0,1,1
0.9,73,1107,2,1,1,1.0,1.0,1,1
0.9,73,803,2,1,1,1.0,1.0,1,1
0.9,73,1455,2,1,1,1.0,1.0,1,1
0.9,73,1559,2,1,1,1.0,1.0,1,1
0.9,73,537,2,1,1,1.0,1.0,1,1
0.9,73,1821,2,1,1,1.0,1.0,1,1
0.9,73,351,2,1,1,1.0,1.0,1,1
0.9,73,684,2,1,1,1.0,1.0,1,1
0.9,73,1203,2,1,1,1.0,1.0,1,1
0.9,73,1624,2,1,1,1.0,1.0,1,1
0.9,73,356,2,1,1,1.0,1.0,1,1
0.9,73,1350,2,1,1,1.0,1.0,1,1
0.9,73,1907,2,1,1,1.0,1.0,1,1
0.9,73,1797,2,1,1,1.0,1.0,1,1
0.9,73,1435,2,1,1,1.0,1.0,1,1
0.9,73,1256,2,1,1,1.0,1.0,1,1
0.9,73,1905,2,1,1,1.0,1.0,1,1
0.9,73,457,2,1,1,1.0,1.0,1,1
0.9,73,1345,2,1,1,1.0,1.0,1,1
0.9,73,1449,2,1,1,1.0,1.0,1,1
0.9,73,1811,2,1,1,1.0,1.0,1,1
0.9,73,1551,2,1,1,1.0,1.0,1,1
0.9,73,1462,2,1,1,1.0,1.0,1,1
0.9,73,272,2,1,1,1.0,1.0,1,1
0.9,73,394,2,1,1,1.0,1.0,1,1
0.9,73,544,2,1,1,1.0,1.0,1,1
0.9,73,1660,2,1,1,1.0,1.0,1,1
0.9,73,1042,2,1,1,1.0,1.0,1,1
0.9,73,16,2,1,1,1.0,1.0,1,1
0.9,73,1445,2,1,1,1.0,1.0,1,1
0.9,73,1143,2,1,1,1.0,1.0,1,1
0.9,73,898,2,1,1,1.0,1.0,1,1
0.9,73,477,2,1,1,1.0,1.0,1,1
0.9,73,1033,2,1,1,1.0,1.0,1,1
0.9,73,1316,2,1,1,1.0,1.0,1,1
0.9,73,1857,2,1,1,1.0,1.0,1,1
0.9,73,1835,2,1,1,1.0,1.0,1,1
0.9,73,1819,2,1,1,1.0,1.0,1,1
0.9,73,1795,2,1,1,1.0,1.0,1,1
0.9,73,1631,2,1,1,1.0,1.0,1,1
0.9,73,306,2,1,1,1.0,1.0,1,1
0.9,73,1702,2,1,1,1.0,1.0,1,1
0.9,73,1678,2,1,1,1.0,1.0,1,1
0.9,73,1812,2,1,1,1.0,1.0,1,1
0.9,73,991,2,1,1,1.0,1.0,1,1
0.9,73,1104,2,1,1,1.0,1.0,1,1
0.9,73,919,2,1,1,1.0,1.0,1,1
0.9,73,1853,2,1,1,1.0,1.0,1,1
0.9,73,1672,2,1,1,1.0,1.0,1,1
0.9,73,91,2,1,1,1.0,1.0,1,1
0.9,73,678,2,1,1,1.0,1.0,1,1
0.9,73,1492,2,1,1,1.0,1.0,1,1
1.0,81,997,1,1,1,1.0,1.0,1,1
1.0,81,355,1,1,1,1.0,1.0,1,1
1.0,81,1135,1,1,1,1.0,1.0,1,1
1.0,81,1345,1,1,1,1.0,1.0,1,1
1.0,81,120,1,1,1,1.0,1.0,1,1
1.0,81,1133,1,1,1,1.0,1.0,1,1
1.0,81,1052,1,1,1,1.0,1.0,1,1
1.0,81,356,1,1,1,1.0,1.0,1,1
1.0,81,161,1,1,1,1.0,1.0,1,1
1.0,81,910,1,1,1,1.0,1.0,1,1
1.0,81,484,1,1,1,1.0,1.0,1,1
1.0,81,259,1,1,1,1.0,1.0,1,1
1.0,81,794,1,1,1,1.0,1.0,1,1
1.0,81,1495,1,1,1,1.0,1.0,1,1
1.0,81,773,1,1,1,1.0,1.0,1,1
1.0,81,995,1,1,1,1.0,1.0,1,1
1.0,81,332,1,1,1,1.0,1.0,1,1
1.0,81,205,1,1,1,1.0,1.0,1,1
1.0,81,1584,1,1,1,1.0,1.0,1,1
1.0,81,1775,1,1,1,1.0,1.0,1,1
1.0,81,705,1,1,1,1.0,1.0,1,1
1.0,81,1720,1,1,1,1.0,1.0,1,1
1.0,81,758,1,1,1,1.0,1.0,1,1
1.0,81,965,1,1,1,1.0,1.0,1,1
1.0,81,1352,1,1,1,1.0,1.0,1,1
1.0,81,437,1,1,1,1.0,1.0,1,1
1.0,81,553,1,1,1,1.0,1.0,1,1
1.0,81,49,1,1,1,1.0,1.0,1,1
1.0,81,18,1,1,1,1.0,1.0,1,1
1.0,81,1050,1,1,1,1.0,1.0,1,1
1.0,81,1448,1,1,1,1.0,1.0,1,1
1.0,81,919,1,1,1,1.0,1.0,1,1
1.0,81,188,1,1,1,1.0,1.0,1,1
1.0,81,363,1,1,1,1.0,1.0,1,1
1.0,81,1109,1,1,1,1.0,1.0,1,1
1.0,81,821,1,1,1,1.0,1.0,1,1
1.0,81,118,1,1,1,1.0,1.0,1,1
1.0,81,727,1,1,1,1.0,1.0,1,1
1.0,81,1683,1,1,1,1.0,1.0,1,1
1.0,81,669,1,1,1,1.0,1.0,1,1
1.0,81,820,1,1,1,1.0,1.0,1,1
1.0,81,806,1,1,1,1.0,1.0,1,1
1.0,81,285,1,1,1,1.0,1.0,1,1
1.0,81,1618,1,1,1,1.0,1.0,1,1
1.0,81,166,1,1,1,1.0,1.0,1,1
1.0,81,440,1,1,1,1.0,1.0,1,1
1.0,81,691,1,1,1,1.0,1.0,1,1
1.0,81,1651,1,1,1,1.0,1.0,1,1
1.0,81,149,1,1,1,1.0,1.0,1,1
1.0,81,614,1,1,1,1.0,1.0,1,1
1.0,81,656,1,1,1,1.0,1.0,1,1
1.0,81,1814,1,1,1,1.0,1.0,1,1
1.0,81,951,1,1,1,1.0,1.0,1,1
1.0,81,1059,1,1,1,1.0,1.0,1,1
1.0,81,1048,1,1,1,1.0,1.0,1,1
1.0,81,636,1,1,1,1.0,1.0,1,1
1.0,81,574,1,1,1,1.0,1.0,1,1
1.0,81,1339,1,1,1,1.0,1.0,1,1
1.0,81,1926,1,1,1,1.0,1.0,1,1
1.0,81,69,1,1,1,1.0,1.0,1,1
1.0,81,1162,1,1,1,1.0,1.0,1,1
1.0,81,1066,1,1,1,1.0,1.0,1,1
1.0,81,1863,1,1,1,1.0,1.0,1,1
1.0,81,622,1,1,1,1.0,1.0,1,1
1.0,81,1212,1,1,1,1.0,1.0,1,1
1.0,81,442,1,1,1,1.0,1.0,1,1
1.0,81,1991,1,1,1,1.0,1.0,1,1
1.0,81,1016,1,1,1,1.0,1.0,1,1
1.0,81,1634,1,1,1,1.0,1.0,1,1
1.0,81,1068,1,1,1,1.0,1.0,1,1
1.0,81,387,1,1,1,1.0,1.0,1,1
1.0,81,1351,1,1,1,1.0,1.0,1,1
1.0,81,926,1,1,1,1.0,1.0,1,1
1.0,81,606,1,1,1,1.0,1.0,1,1
1.0,81,702,1,1,1,1.0,1.0,1,1
1.0,81,1896,1,1,1,1.0,1.0,1,1
1.0,81,1191,1,1,1,1.0,1.0,1,1
1.0,81,1801,1,1,1,1.0,1.0,1,1
1.0,81,1753,1,1,1,1.0,1.0,1,1
1.0,81,128,1,1,1,1.0,1.0,1,1
1.0,81,545,1,1,1,1.0,1.0,1,1
1.0,81,1184,1,1,1,1.0,1.0,1,1
1.0,81,1782,1,1,1,1.0,1.0,1,1
1.0,81,565,1,1,1,1.0,1.0,1,1
1.0,81,1570,1,1,1,1.0,1.0,1,1
1.0,81,1812,1,1,1,1.0,1.0,1,1
1.0,81,182,1,1,1,1.0,1.0,1,1
1.0,81,1668,1,1,1,1.0,1.0,1,1
1.0,81,1427,1,1,1,1.0,1.0,1,1
1.0,81,1732,1,1,1,1.0,1.0,1,1
1.0,81,1743,1,1,1,1.0,1.0,1,1
1.0,81,1353,1,1,1,1.0,1.0,1,1
1.0,81,297,1,1,1,1.0,1.0,1,1
1.0,81,1825,1,1,1,1.0,1.0,1,1
1.0,81,1505,1,1,1,1.0,1.0,1,1
1.0,81,1414,1,1,1,1.0,1.0,1,1
1.0,81,1336,1,1,1,1.0,1.0,1,1
1.0,81,1977,1,1,1,1.0,1.0,1,1
1.0,81,303,1,1,1,1.0,1.0,1,1
1.0,81,325,1,1,1,1.0,1.0,1,1
